楽曲名,難易度,楽曲レベル,クリアランク,スコアグレード,ハイスコア,EXスコア,プレー回数,クリア回数,ULTIMATE CHAIN,PERFECT
いますぐ輪廻,MAXIMUM,17,COMPLETE,AA,9332174,0,4,4,0,0
L2 -Reminiscence- (SDVX ver.),EXHAUST,17.5,COMPLETE,AA+,9685064,0,1,1,0,0
お返事まだカナ？おじさん構文！,EXHAUST,15,COMPLETE,AAA+,9813407,0,1,1,0,0
サイエンス,MAXIMUM,17,COMPLETE,AA+,9556410,0,1,1,0,0
Synthesis.,EXHAUST,17,COMPLETE,AA+,9651216,0,1,1,0,0
snooze,MAXIMUM,17,COMPLETE,A+,9063492,0,1,1,0,0
Zany Arcadia "E",EXHAUST,17.5,COMPLETE,AA,9425456,0,1,1,0,0
ハートインワンダーランド,MAXIMUM,17.5,COMPLETE,AA+,9560301,0,1,1,0,0
Sunlit toybox,EXHAUST,16,COMPLETE,AAA,9788867,0,1,1,0,0
朱と碧のランページ(covered by 儒烏風亭らでん(ReGLOSS)),MAXIMUM,17,COMPLETE,AA,9396775,0,2,2,0,0
Shooting Star,MAXIMUM,17,COMPLETE,AAA,9712230,0,5,5,0,0
murmur twins (guitar pop ver.),MAXIMUM,17,COMPLETE,AA+,9612584,0,1,1,0,0
FRENZY HEART,EXHAUST,17,COMPLETE,AA+,9540110,0,1,1,0,0
HOLOGRAPHY,MAXIMUM,18.3,PLAYED,B,8379781,0,1,0,0,0
Like the Starlight,EXHAUST,16,COMPLETE,AAA,9723374,0,1,1,0,0
Like the Starlight,MAXIMUM,18.2,PLAYED,A+,9143950,0,3,0,0,0
オーバーライド,MAXIMUM,18.1,PLAYED,A+,9226862,0,2,0,0,0
右肩の蝶 (空澄セナ Cover),MAXIMUM,17,COMPLETE,AA,9494981,0,1,1,0,0
ØVER《Δ》,EXHAUST,17.5,PLAYED,D,5605656,0,1,0,0,0
カミツレの成り方,EXHAUST,16,PLAYED,AAA,9729140,0,3,0,0,0
Grαnd Arχitect,EXHAUST,16,PLAYED,AA+,9578947,0,1,0,0,0
エクスプロウル,MAXIMUM,18.5,PLAYED,B,8588054,0,2,0,0,0
Windy Fairy,MAXIMUM,17,COMPLETE,AA,9369390,0,1,1,0,0
Ö<3rf10₩,EXHAUST,17,COMPLETE,AA+,9660759,0,2,2,0,0
Crossfade,MAXIMUM,17,COMPLETE,AAA,9708619,0,3,3,0,0
What's up? Pop!,EXHAUST,17.5,COMPLETE,AA,9426229,0,1,1,0,0
回想音楽 - Thank you for your playing music,MAXIMUM,17,COMPLETE,AA+,9623366,0,1,1,0,0
いいわけバニー,MAXIMUM,17.5,PLAYED,AA,9352636,0,1,0,0,0
ロマンシングエスケープ,MAXIMUM,17,COMPLETE,AA+,9501965,0,1,1,0,0
C18H27NO3(ryhki remix),MAXIMUM,18.2,COMPLETE,A+,9262152,0,1,1,0,0
Profession (αirlemoneX "Mechanical Engineering" Remix),MAXIMUM,17,COMPLETE,AA+,9650410,0,1,1,0,0
強風オールバック,MAXIMUM,17.5,COMPLETE,A+,9259938,0,1,1,0,0
テトリス,MAXIMUM,18.2,PLAYED,A+,9132878,0,7,0,0,0
人マニア,MAXIMUM,17.5,PLAYED,A+,9237777,0,1,0,0,0
B.B.K.K.B.K.K. (影虎。 & siqlo PsyRemix),MAXIMUM,17,COMPLETE,AA,9450431,0,4,4,0,0
I'm Your Treasure Box ＊あなたは マリンせんちょうを たからばこからみつけた。,MAXIMUM,17,COMPLETE,AA,9336638,0,1,1,0,0
COSMIC V3LOCITY,EXHAUST,17,COMPLETE,AA,9312169,0,1,1,0,0
SOLAR ECLIPSE,EXHAUST,17,COMPLETE,AA,9452770,0,1,1,0,0
Imitated Visions,EXHAUST,16,PLAYED,AAA,9749114,0,2,0,0,0
こどもかくしのアンダーランド,EXHAUST,16,PLAYED,AA+,9659932,0,1,0,0,0
憧憬のファンファーレ,EXHAUST,16,PLAYED,AA+,9578532,0,1,0,0,0
Voice 2 Voice n Voice,MAXIMUM,17,COMPLETE,AA,9360086,0,1,1,0,0
Growing Up／アニメ「この素晴らしい世界に祝福を！３」より,MAXIMUM,17,COMPLETE,AA+,9579630,0,1,1,0,0
GIGI BABA(brz_style),MAXIMUM,18.1,COMPLETE,AA,9387500,0,2,1,0,0
¡¡Fanta∽cramble!!,MAXIMUM,17,COMPLETE,AA,9482084,0,1,1,0,0
残像ニ繋ガレタ追憶ノHIDEAWAY,MAXIMUM,17,COMPLETE,AA+,9670454,0,3,3,0,0
黒紅掬い,MAXIMUM,17,COMPLETE,AA+,9691011,0,1,1,0,0
邪魔をしないで,MAXIMUM,17,COMPLETE,AAA,9780588,0,1,1,0,0
Hopscotch,MAXIMUM,17.5,COMPLETE,AA,9434523,0,1,1,0,0
月明りの旅人たち,MAXIMUM,17,COMPLETE,AA,9315684,0,1,1,0,0
WobbleTangleFestival (影虎。 & ikaruga_nex's HDM RMX),MAXIMUM,17,COMPLETE,AA,9480214,0,2,2,0,0
七七七夕,MAXIMUM,18.3,PLAYED,A+,9186252,0,2,0,0,0
You Only Live Twice,MAXIMUM,17,COMPLETE,AA+,9546703,0,2,2,0,0
曇天羊,MAXIMUM,17,COMPLETE,AA+,9581225,0,1,1,0,0
Gate of Atlantis (Vocal ∞ Mix),MAXIMUM,17,COMPLETE,AA+,9636600,0,1,1,0,0
カミサマ・ネコサマ,MAXIMUM,17,COMPLETE,AA+,9602085,0,1,1,0,0
もぐもぐYUMMY！,MAXIMUM,17,COMPLETE,AA+,9668674,0,1,1,0,0
ちょえちょえまぎか,MAXIMUM,17,COMPLETE,AA,9457286,0,4,4,0,0
Virtual to LIVE,MAXIMUM,17,COMPLETE,AAA,9759713,0,6,6,0,0
Circuit Surfer,EXHAUST,17,COMPLETE,AA+,9564523,0,2,2,0,0
ポラリスノウタ,MAXIMUM,17,COMPLETE,AA,9498922,0,1,1,0,0
ポッピンキャンディ☆フィーバー！,MAXIMUM,17,COMPLETE,AA,9348314,0,1,1,0,0
ドリームエンド・サバイバー(Hidra-Xjeil Remix),MAXIMUM,18.2,COMPLETE,AA,9368465,0,1,1,0,0
Lovesick Lovetune(brz_style),MAXIMUM,17,COMPLETE,AA+,9637223,0,10,10,0,0
おにけもだんす,MAXIMUM,17,COMPLETE,AAA+,9821320,0,1,1,0,0
朧,MAXIMUM,17,COMPLETE,AAA,9751230,0,11,11,0,0
Say!ファンファーレ!,MAXIMUM,17,COMPLETE,AA,9427116,0,1,1,0,0
QQ,EXHAUST,17,COMPLETE,AA+,9559765,0,2,2,0,0
Stylus,EXHAUST,16,COMPLETE,AAA,9769076,0,2,2,0,0
Stylus,MAXIMUM,18.4,PLAYED,A+,9155844,0,19,0,0,0
Undead Raving Scare,EXHAUST,17.5,PLAYED,AA,9350495,0,2,0,0,0
Enter The Rave,EXHAUST,16,PLAYED,AAA,9784272,0,3,0,0,0
SHARK IMPACT,EXHAUST,16,PLAYED,AAA+,9824455,0,5,0,0,0
十三不塔,EXHAUST,16,PLAYED,AAA+,9855718,0,5,0,0,0
リュミレイラ,EXHAUST,16,PLAYED,AAA+,9874167,0,2,0,0,0
KAMAITACHI,EXHAUST,16,COMPLETE,AAA,9718089,0,1,1,0,0
Follow Tomorrow,MAXIMUM,17,COMPLETE,A+,9286206,0,1,1,0,0
One More Lovely,EXHAUST,17,COMPLETE,AA+,9575869,0,2,2,0,0
Voice 7 Voice!!!!!!!,EXHAUST,16,COMPLETE,AA+,9576951,0,1,1,0,0
Demetel (Erixa ”MYTH” Remix),MAXIMUM,17,COMPLETE,AA,9396815,0,1,1,0,0
Dawn of Asia(Alkome Remix),MAXIMUM,17,COMPLETE,AAA,9793123,0,12,12,0,0
ませまてぃっく♡ま＋ま＝まじっく！　～徹夜の追込みエナジーまっくす！～,EXHAUST,16,COMPLETE,AAA,9717073,0,1,1,0,0
ΣMERGENCY CODΣ,EXHAUST,16,PLAYED,AAA+,9826535,0,1,0,0,0
パーフェクトイーター,MAXIMUM,18.5,PLAYED,B,7946695,0,1,0,0,0
累乗のカルマ,EXHAUST,16,COMPLETE,AA+,9680365,0,1,1,0,0
おちゃめ機能,MAXIMUM,17,COMPLETE,AA+,9677518,0,3,3,0,0
Absurd Gaff (Metallize Remix),EXHAUST,17,COMPLETE,AA+,9592735,0,2,2,0,0
うぇるかむ -||祭みっくす||-,EXHAUST,16,COMPLETE,AA+,9698509,0,1,1,0,0
Shera,MAXIMUM,18.0,COMPLETE,AA,9369724,0,1,1,0,0
The EXworld of sound,EXHAUST,16,COMPLETE,AA+,9662420,0,1,1,0,0
トーキョーサマーナイト（華金Remix）,MAXIMUM,17,COMPLETE,AA+,9655948,0,1,1,0,0
凛として咲く花の如く,MAXIMUM,17,COMPLETE,AA,9483888,0,1,1,0,0
Second Game,MAXIMUM,17,COMPLETE,AAA,9759068,0,8,8,0,0
PRIDE of the FIREBALL,MAXIMUM,17,COMPLETE,AA+,9690307,0,1,1,0,0
Realize／アニメ「Re:ゼロから始める異世界生活」より,EXHAUST,14,ULTIMATE CHAIN,S,9943438,0,1,1,1,0
Realize／アニメ「Re:ゼロから始める異世界生活」より,MAXIMUM,17,COMPLETE,AA,9439890,0,3,3,0,0
Redo／アニメ「Re:ゼロから始める異世界生活」より,MAXIMUM,17,COMPLETE,AA,9455351,0,1,1,0,0
For.*tune,MAXIMUM,17,COMPLETE,AA,9344039,0,1,1,0,0
マツヨイナイトバグ,EXHAUST,16,COMPLETE,AAA+,9822812,0,1,1,0,0
Lost Emotion feat. nomico,MAXIMUM,17,COMPLETE,AA+,9515669,0,2,2,0,0
アルファ・スカイ,MAXIMUM,17,COMPLETE,AA,9336043,0,1,1,0,0
いでぃおで結構！,MAXIMUM,17,COMPLETE,AA+,9643458,0,1,1,0,0
ENERGY SYNERGY MATRIX,EXHAUST,16,COMPLETE,S,9906994,0,5,5,0,0
ENERGY SYNERGY MATRIX,MAXIMUM,18.5,COMPLETE,A+,9210110,0,5,1,0,0
WWW,MAXIMUM,17,COMPLETE,AAA+,9849537,0,8,8,0,0
Distorted Floor -Boosted-,EXHAUST,16,COMPLETE,AAA,9738181,0,1,1,0,0
Distorted Floor -Boosted-,MAXIMUM,18.0,COMPLETE,AA,9318857,0,1,1,0,0
ヒバナ (Reloaded),MAXIMUM,17,COMPLETE,AA+,9535506,0,5,5,0,0
Blossom,EXHAUST,16,COMPLETE,AAA+,9828747,0,2,2,0,0
Blossom,MAXIMUM,18.0,PLAYED,A+,9045256,0,1,0,0,0
Aerial Skydive,MAXIMUM,17,COMPLETE,AA,9396204,0,1,1,0,0
quaver♪,EXHAUST,16,COMPLETE,AAA+,9872483,0,2,2,0,0
赫焉のヴァルキュリア -Ragnarøk-,EXHAUST,17,COMPLETE,AA+,9502237,0,1,1,0,0
SuddeИDeath,ADVANCED,15,COMPLETE,AAA,9798570,0,1,1,0,0
Brave Power Leader 《 = Voltage = 》,EXHAUST,16,COMPLETE,AAA,9739368,0,1,1,0,0
HALO,EXHAUST,17,COMPLETE,AA,9478123,0,3,3,0,0
零天視,EXHAUST,16,COMPLETE,AA+,9670385,0,1,1,0,0
アガット,EXHAUST,16,COMPLETE,AA+,9585062,0,1,1,0,0
[E],MAXIMUM,17,COMPLETE,AA,9412706,0,2,2,0,0
フォニイ,MAXIMUM,17,COMPLETE,AAA,9737521,0,23,17,0,0
Glory of Fighters,EXHAUST,17.5,COMPLETE,A,8983208,0,1,1,0,0
All We Need is HAPPY END!!!,EXHAUST,17,COMPLETE,AA,9305745,0,1,1,0,0
禊,EXHAUST,16,COMPLETE,AA+,9696452,0,6,6,0,0
禊,MAXIMUM,18.6,PLAYED,A,8746048,0,7,0,0,0
trea→journey,EXHAUST,16,COMPLETE,AA,9341736,0,1,1,0,0
Petit espoir,EXHAUST,16,COMPLETE,AA+,9653725,0,1,1,0,0
Initiating League,EXHAUST,16,COMPLETE,AAA,9743589,0,2,2,0,0
Initiating League,MAXIMUM,18.6,PLAYED,B,8688078,0,1,0,0,0
Ice Fortress,EXHAUST,15,ULTIMATE CHAIN,AAA+,9899022,0,1,1,1,0
シル・ヴ・プレジデント,MAXIMUM,17.5,COMPLETE,AA+,9641162,0,23,22,0,0
ENDGAME,EXHAUST,16,COMPLETE,AAA+,9802036,0,7,7,0,0
ИADIR,EXHAUST,16,COMPLETE,AAA,9735984,0,1,1,0,0
Chat perché,EXHAUST,16,COMPLETE,AAA+,9830268,0,1,1,0,0
グッバイ宣言,MAXIMUM,17,COMPLETE,AA,9412643,0,3,3,0,0
透明声彩,EXHAUST,14,COMPLETE,AAA+,9844389,0,1,1,0,0
Never Ending Future,EXHAUST,16,COMPLETE,AA+,9562436,0,1,1,0,0
Re:call,MAXIMUM,17,COMPLETE,AA+,9540740,0,1,1,0,0
[ ]DENTITY,EXHAUST,17.5,COMPLETE,AA+,9692656,0,1,1,0,0
インドア系ならトラックメイカー,MAXIMUM,17.5,COMPLETE,AA,9321223,0,3,1,0,0
ヴァンパイア,MAXIMUM,17,COMPLETE,AA+,9619326,0,4,4,0,0
Imperator,EXHAUST,16,COMPLETE,AA+,9688524,0,2,2,0,0
SHARK ATTACK,EXHAUST,16,COMPLETE,AAA,9713644,0,4,4,0,0
Re:Rose Gun Shoooot!,MAXIMUM,17,COMPLETE,AA+,9672421,0,2,2,0,0
MEGALOVANIA,EXHAUST,16,COMPLETE,AAA+,9858156,0,15,14,0,0
涙の女神と無形のエトワル,EXHAUST,16,COMPLETE,AAA,9727272,0,1,1,0,0
赫焉,EXHAUST,17.5,PLAYED,D,5567765,0,1,0,0,0
光風霽月,EXHAUST,16,ULTIMATE CHAIN,AAA+,9825925,0,13,11,2,0
光風霽月,MAXIMUM,18.8,PLAYED,A,8788918,0,2,0,0,0
Lost Parliament,EXHAUST,16,COMPLETE,AAA,9722222,0,4,2,0,0
Bonetrousle,EXHAUST,13,COMPLETE,AAA+,9888565,0,1,1,0,0
極夜、暁を望んで,EXHAUST,16,PLAYED,D,1286307,0,1,0,0,0
Across the Starlight,EXHAUST,16,COMPLETE,AAA,9707792,0,1,1,0,0
NOT YOUR IDOL,ADVANCED,13,COMPLETE,AAA+,9829482,0,4,4,0,0
NOT YOUR IDOL,EXHAUST,16,COMPLETE,AAA,9756795,0,18,18,0,0
NOT YOUR IDOL,MAXIMUM,18.5,COMPLETE,AA,9377815,0,6,6,0,0
PHOTON BLAXT,EXHAUST,15,COMPLETE,AA,9446190,0,4,4,0,0
メテオライツ・プレリュード,MAXIMUM,17,COMPLETE,AA+,9675553,0,1,1,0,0
ピアノ独奏無言歌 "灰燼",EXHAUST,17.5,COMPLETE,A+,9292763,0,5,5,0,0
ステラレギア,EXHAUST,14,COMPLETE,AA+,9508928,0,1,1,0,0
ステラレギア,MAXIMUM,17,COMPLETE,AA,9491858,0,1,1,0,0
ROZELCIA,EXHAUST,16,COMPLETE,AAA+,9827001,0,8,8,0,0
SHOCKER BREAKER,EXHAUST,16,COMPLETE,AA,9412617,0,1,1,0,0
c2Theater,MAXIMUM,18.3,PLAYED,A+,9272809,0,2,0,0,0
メンタンピンドラドラ,EXHAUST,14,COMPLETE,AA+,9531085,0,2,2,0,0
メンタンピンドラドラ,MAXIMUM,17,COMPLETE,AAA+,9835164,0,31,30,0,0
神っぽいな,ADVANCED,10,COMPLETE,AA,9439918,0,1,1,0,0
神っぽいな,EXHAUST,14,COMPLETE,AAA+,9829738,0,6,6,0,0
神っぽいな,MAXIMUM,17,COMPLETE,AAA,9711093,0,9,9,0,0
サクラノソバニ！,MAXIMUM,17,COMPLETE,AA,9452554,0,1,1,0,0
DATAERR0R,ADVANCED,13,COMPLETE,AA+,9505912,0,1,1,0,0
DATAERR0R,EXHAUST,16,COMPLETE,AA+,9527393,0,1,1,0,0
DATAERR0R,MAXIMUM,18.0,COMPLETE,AA,9346246,0,1,1,0,0
Decadence Mission,MAXIMUM,18.0,COMPLETE,AA+,9522911,0,1,1,0,0
爆烈歓迎♪エクストリーム飲茶旋風脚ッ!!,EXHAUST,16,COMPLETE,AA,9398414,0,1,1,0,0
勇者の卒業式,EXHAUST,14,COMPLETE,AAA,9743852,0,1,1,0,0
勇者の卒業式,MAXIMUM,17,COMPLETE,AA+,9529262,0,1,1,0,0
ユキバレ＊ぱれいど,EXHAUST,14,COMPLETE,A+,9022346,0,1,1,0,0
WICKeD CRφSS,MAXIMUM,17,COMPLETE,AA,9355254,0,1,1,0,0
Crystalia,EXHAUST,16,COMPLETE,AA+,9522580,0,1,1,0,0
SPECIAL SUMMER CAMPAIGN!,EXHAUST,16,COMPLETE,AA+,9560104,0,2,2,0,0
Flip Flap,MAXIMUM,17,COMPLETE,AA,9434582,0,3,3,0,0
↑↑↓↓←→←→BA,MAXIMUM,17,COMPLETE,A+,9197716,0,1,1,0,0
2 Beasts Unchained,EXHAUST,17,COMPLETE,AA+,9607899,0,2,2,0,0
ピアノ協奏曲第１番”蠍火”,ADVANCED,14,COMPLETE,A,8710268,0,1,1,0,0
ピアノ協奏曲第１番”蠍火”,EXHAUST,17.5,COMPLETE,A+,9232343,0,7,7,0,0
Fegrix,EXHAUST,16,COMPLETE,AA,9487822,0,1,1,0,0
ゔぉるみっくす!!!!,EXHAUST,16,COMPLETE,AA+,9529505,0,1,1,0,0
sparky spark,MAXIMUM,17,COMPLETE,AA,9415461,0,3,3,0,0
Test Flight,EXHAUST,15,COMPLETE,AAA+,9839726,0,2,1,0,0
Foolish Again,MAXIMUM,17,COMPLETE,A+,9259754,0,1,1,0,0
PLANISPHERE,MAXIMUM,17,COMPLETE,AA+,9540106,0,2,2,0,0
Unleashed Redness,EXHAUST,16,COMPLETE,AA+,9624505,0,1,1,0,0
party:stage,ADVANCED,12,PLAYED,AA,9489704,0,1,0,0,0
キカイノミルユメ,EXHAUST,13,COMPLETE,AA+,9516880,0,1,1,0,0
キカイノミルユメ,MAXIMUM,16,COMPLETE,AA+,9579517,0,1,1,0,0
～仔羊のナヴァラン・クリシェを添えて～,EXHAUST,16,COMPLETE,AA+,9579937,0,1,1,0,0
Refrain,EXHAUST,16,COMPLETE,AAA,9729354,0,2,2,0,0
Star☆Beat,EXHAUST,16,COMPLETE,AAA,9745222,0,3,3,0,0
Star☆Beat,MAXIMUM,18.1,COMPLETE,AA,9447200,0,2,1,0,0
スノウイコン,MAXIMUM,17,COMPLETE,AA+,9698275,0,1,1,0,0
みたらしプラトニック (feat. nicamoq),EXHAUST,14,COMPLETE,A+,9147321,0,1,1,0,0
みたらしプラトニック (feat. nicamoq),MAXIMUM,17,COMPLETE,AA,9448336,0,1,1,0,0
藍の華,EXHAUST,15,COMPLETE,AA,9483161,0,1,1,0,0
ヒトガタ,ADVANCED,10,COMPLETE,AA+,9522854,0,1,1,0,0
ヒトガタ,EXHAUST,14,COMPLETE,AA+,9661746,0,2,1,0,0
ヒトガタ,MAXIMUM,17,COMPLETE,AA,9395072,0,9,6,0,0
Mr.VIRTUALIZER,MAXIMUM,16,COMPLETE,AA+,9594132,0,2,2,0,0
天弓天華オトハナビ,EXHAUST,16,COMPLETE,AAA,9794429,0,1,1,0,0
LUCKY CAT,EXHAUST,14,COMPLETE,AA,9318897,0,2,2,0,0
LUCKY CAT,MAXIMUM,17,COMPLETE,AAA,9725106,0,2,2,0,0
Going My Future!,EXHAUST,16,COMPLETE,AAA+,9859211,0,4,4,0,0
フェアリーテイル・ラヴァーズ,MAXIMUM,17,COMPLETE,AA+,9567387,0,1,1,0,0
PRESERVED VAMPIRE,MAXIMUM,17,COMPLETE,AA,9486735,0,1,1,0,0
Love Love Scarlet,MAXIMUM,17,COMPLETE,AA,9409427,0,1,1,0,0
XXanadu#climaXX,EXHAUST,16,COMPLETE,AA,9462365,0,1,1,0,0
Bigbang Faker,EXHAUST,16,COMPLETE,AA+,9520295,0,1,1,0,0
Bigbang Faker,MAXIMUM,18.0,COMPLETE,AA,9352678,0,1,1,0,0
Triple Cross,EXHAUST,16,COMPLETE,AAA+,9829580,0,8,8,0,0
Triple Cross,MAXIMUM,18.1,PLAYED,A,8711669,0,1,0,0,0
STEEL NEEDLE,EXHAUST,16,COMPLETE,AAA,9711652,0,1,1,0,0
I Left for my Right,MAXIMUM,17,COMPLETE,AA+,9563225,0,1,1,0,0
The King Of Red,EXHAUST,16,COMPLETE,AAA,9758389,0,4,4,0,0
The Clown of 24stairs,EXHAUST,17,COMPLETE,AA,9469964,0,2,2,0,0
黎明の情,MAXIMUM,17,COMPLETE,AA+,9625071,0,1,1,0,0
Empty Backdoor,ADVANCED,11,COMPLETE,AA,9400665,0,1,1,0,0
Empty Backdoor,MAXIMUM,17.5,COMPLETE,AA,9392234,0,1,1,0,0
驪駒早鬼は馬並み☆プロテイン,ADVANCED,11,COMPLETE,A+,9139733,0,1,1,0,0
BEAT MAGIC,MAXIMUM,16,COMPLETE,AA,9303935,0,1,1,0,0
End of Guilty,EXHAUST,16,COMPLETE,AA+,9574982,0,1,1,0,0
charm♡you,MAXIMUM,17,COMPLETE,AA+,9575596,0,1,1,0,0
ユメブキ,EXHAUST,16,COMPLETE,AA+,9691895,0,1,1,0,0
ユメブキ,MAXIMUM,18.0,PLAYED,B,8683417,0,1,0,0,0
スーパー戦湯ババンバーン,MAXIMUM,17,COMPLETE,AA+,9623222,0,1,1,0,0
MOVE! (We Keep It Movin'),MAXIMUM,17,COMPLETE,A+,9016780,0,1,1,0,0
MA・TSU・RI,MAXIMUM,17,COMPLETE,AA+,9693548,0,1,1,0,0
Pure Ruby,EXHAUST,15,COMPLETE,A+,9291163,0,1,1,0,0
Continuous Moment,EXHAUST,15,COMPLETE,AAA,9755700,0,8,8,0,0
Continuous Moment,MAXIMUM,17.5,COMPLETE,AAA,9700474,0,20,19,0,0
Chakra,EXHAUST,14,COMPLETE,AA,9312039,0,2,2,0,0
Chakra,MAXIMUM,17,COMPLETE,AAA,9747566,0,8,8,0,0
G4ME ØVEЯ,EXHAUST,16,COMPLETE,AA+,9558922,0,1,1,0,0
G4ME ØVEЯ,MAXIMUM,18.2,COMPLETE,AA,9317316,0,2,1,0,0
2094,ADVANCED,12,COMPLETE,AAA+,9826517,0,1,1,0,0
2094,EXHAUST,14,COMPLETE,AA+,9528571,0,5,5,0,0
2094,MAXIMUM,17.5,COMPLETE,AA,9453170,0,1,1,0,0
Cappuccino Hearts,EXHAUST,16,COMPLETE,AA+,9652029,0,1,1,0,0
Xymatic Scope,MAXIMUM,17,COMPLETE,AA,9316715,0,1,1,0,0
WILD FIRE,EXHAUST,14,COMPLETE,AA,9455598,0,1,1,0,0
Over the Border,EXHAUST,13,COMPLETE,A+,9199203,0,1,1,0,0
Over the Border,MAXIMUM,16,COMPLETE,AA+,9621451,0,2,2,0,0
Gimme dreamin',ADVANCED,12,COMPLETE,AA+,9637622,0,1,1,0,0
Gimme dreamin',EXHAUST,15,COMPLETE,AAA,9702079,0,3,3,0,0
孤月群雲に沈む,ADVANCED,11,PLAYED,AA+,9529190,0,1,0,0,0
€omet popcorn,EXHAUST,16,COMPLETE,AAA,9746835,0,3,3,0,0
PSYCHO+HEROES,EXHAUST,16,COMPLETE,AAA,9798429,0,2,2,0,0
ナナホシのうた,MAXIMUM,16,COMPLETE,AA+,9610630,0,1,1,0,0
Your SOUL Is Mine,EXHAUST,16,COMPLETE,AA+,9672250,0,2,2,0,0
Enter The Fire,EXHAUST,14,COMPLETE,A+,9208530,0,1,1,0,0
Enter The Fire,MAXIMUM,17,COMPLETE,AA+,9549819,0,2,2,0,0
FEEL THE FORCE,EXHAUST,16,COMPLETE,AA,9402141,0,1,1,0,0
Chewingood!!!,MAXIMUM,17,COMPLETE,AA,9466330,0,2,1,0,0
ディスコルディア,EXHAUST,17.5,COMPLETE,AA,9344703,0,1,1,0,0
Verflucht,EXHAUST,16,COMPLETE,AA+,9559426,0,1,1,0,0
神にした彼女が示す世界線,EXHAUST,15,COMPLETE,AAA,9776278,0,1,1,0,0
#Namescapes,EXHAUST,15,COMPLETE,AA+,9674707,0,1,1,0,0
#Namescapes,MAXIMUM,18.4,PLAYED,A+,9178449,0,4,0,0,0
Impress(siqlo's Hi-Tech Veats),MAXIMUM,17.5,COMPLETE,AA+,9526134,0,9,9,0,0
nostos -ark remix-,MAXIMUM,18.0,COMPLETE,AA+,9512665,0,1,1,0,0
Blue Forest(NightBounce Remix),MAXIMUM,17.5,COMPLETE,AA+,9586492,0,2,2,0,0
Macuilxochitl (Latin Jazz Mix),EXHAUST,16,COMPLETE,AA,9437602,0,1,1,0,0
運命超過乃巡合,EXHAUST,14,COMPLETE,A+,9227674,0,1,1,0,0
運命超過乃巡合,MAXIMUM,17,COMPLETE,AA+,9600225,0,1,1,0,0
Metagame Matador,EXHAUST,16,COMPLETE,AA+,9611037,0,3,3,0,0
Le Merle Noir,MAXIMUM,16,COMPLETE,A+,9028070,0,1,1,0,0
恋獄対刃,MAXIMUM,17,COMPLETE,AA+,9523321,0,1,1,0,0
Innocent Azure,EXHAUST,16,COMPLETE,AAA,9715729,0,1,1,0,0
Innocent Azure,MAXIMUM,18.0,COMPLETE,A+,9256756,0,1,1,0,0
月下の舞兎祭,MAXIMUM,17,COMPLETE,AA,9495012,0,1,1,0,0
Fun walk!!,MAXIMUM,17.5,COMPLETE,AA,9375351,0,6,3,0,0
ABSOLUTE (saminun mix),MAXIMUM,17,COMPLETE,AA+,9506726,0,1,1,0,0
Air,EXHAUST,16,COMPLETE,AA+,9637856,0,1,1,0,0
EMERALDAS (Yuta Imai Remix),ADVANCED,13,COMPLETE,AA,9362340,0,1,1,0,0
EMERALDAS (Yuta Imai Remix),EXHAUST,16,COMPLETE,AAA+,9830848,0,4,4,0,0
#EmoCloche,MAXIMUM,18.1,COMPLETE,AA,9445471,0,1,1,0,0
onslaught -Retaliation of Bahamūt-,EXHAUST,17.5,COMPLETE,A+,9151643,0,1,1,0,0
Chronomia,EXHAUST,17,COMPLETE,AA+,9667962,0,2,1,0,0
SHION -sublimation mix-,MAXIMUM,17,COMPLETE,AA,9485586,0,2,1,0,0
Scars of FAUNA(ろひ Remix),EXHAUST,16,COMPLETE,AA,9386032,0,1,1,0,0
Scars of FAUNA(ろひ Remix),MAXIMUM,18.0,COMPLETE,AA+,9600404,0,1,1,0,0
777,EXHAUST,17,COMPLETE,AA+,9551535,0,2,1,0,0
ナナホシ(lovely bubbly party mix!),EXHAUST,13,COMPLETE,AA,9367567,0,1,1,0,0
ナナホシ(lovely bubbly party mix!),MAXIMUM,16,COMPLETE,AAA,9778481,0,6,6,0,0
Bad Elixir,EXHAUST,16,COMPLETE,AA+,9627823,0,1,1,0,0
VALKYRIE ASSAULT,ADVANCED,13,COMPLETE,AA+,9590717,0,2,2,0,0
VALKYRIE ASSAULT,EXHAUST,16,COMPLETE,AAA,9731022,0,12,12,0,0
緋色月下、狂咲ノ絶 (nayuta 2017 ver),EXHAUST,15,COMPLETE,AA+,9579665,0,1,1,0,0
不可測的メトロポリス,MAXIMUM,16,COMPLETE,AA,9395376,0,4,3,0,0
POSSESSION (Aoi Q.E.D. RMX),EXHAUST,16,COMPLETE,AAA,9710467,0,1,1,0,0
ラストリゾート,EXHAUST,12,COMPLETE,A,8967803,0,1,1,0,0
ラストリゾート,MAXIMUM,16,COMPLETE,AA,9444093,0,1,1,0,0
ここからよろしく大作戦143,MAXIMUM,17,COMPLETE,AA,9351941,0,1,1,0,0
Thank you for your playing music,ADVANCED,13,PLAYED,AA+,9685883,0,1,0,0,0
Thank you for your playing music,EXHAUST,16,COMPLETE,AAA+,9822535,0,1,1,0,0
Symphonic Tear,EXHAUST,16,COMPLETE,AAA,9762830,0,1,1,0,0
Defining Future,EXHAUST,16,COMPLETE,AA+,9607348,0,1,1,0,0
Defining Future,MAXIMUM,18.2,COMPLETE,AA,9409684,0,1,1,0,0
Non RolicK!!大冒険,MAXIMUM,17.5,COMPLETE,AA,9450726,0,3,1,0,0
who I am,MAXIMUM,17.5,COMPLETE,AA,9315561,0,1,1,0,0
トーキョーサマーナイト,EXHAUST,14,COMPLETE,AAA,9766401,0,2,2,0,0
Hexennacht,ADVANCED,12,COMPLETE,AAA,9728588,0,1,1,0,0
Ring！Run！Nyan!!,EXHAUST,16,COMPLETE,AA+,9521822,0,1,1,0,0
Blessing Bouquet,EXHAUST,16,COMPLETE,AA+,9689425,0,1,1,0,0
Lisa-RICCIA,EXHAUST,17,COMPLETE,AA+,9524576,0,2,1,0,0
Electric Injury,EXHAUST,16,COMPLETE,AAA,9755962,0,7,7,0,0
月々紅花,EXHAUST,15,COMPLETE,AA,9344352,0,4,1,0,0
Sparkling Laser Beam,VIVID,17,COMPLETE,AA,9402173,0,1,1,0,0
Leviathan,EXHAUST,16,COMPLETE,AA,9441041,0,1,1,0,0
memento mori -intro-,EXHAUST,16,COMPLETE,AA+,9591704,0,1,1,0,0
DEEP PSYCHEDELIC STRIKER,ADVANCED,11,COMPLETE,AA,9370447,0,2,2,0,0
DEEP PSYCHEDELIC STRIKER,EXHAUST,14,COMPLETE,AA+,9538855,0,7,6,0,0
DEEP PSYCHEDELIC STRIKER,MAXIMUM,17,COMPLETE,AA+,9603217,0,10,10,0,0
POSSESSION(Gowrock Remix),ADVANCED,12,COMPLETE,AA+,9622153,0,1,1,0,0
POSSESSION(Gowrock Remix),EXHAUST,15,COMPLETE,AA,9359933,0,2,2,0,0
POSSESSION(Gowrock Remix),MAXIMUM,17,COMPLETE,AA,9422024,0,3,3,0,0
Re：Elemental Creation,EXHAUST,16,COMPLETE,AA,9412997,0,2,2,0,0
Daydream café (Euro Hopping Mix),EXHAUST,14,COMPLETE,AA+,9638609,0,1,1,0,0
Daydream café (Euro Hopping Mix),MAXIMUM,16,COMPLETE,AAA,9733552,0,4,4,0,0
ふ・れ・ん・ど・し・た・い（WEREHEREMIX),NOVICE,4,COMPLETE,A+,9272727,0,1,1,0,0
ふ・れ・ん・ど・し・た・い（WEREHEREMIX),ADVANCED,11,COMPLETE,AAA,9714765,0,6,6,0,0
ふ・れ・ん・ど・し・た・い（WEREHEREMIX),EXHAUST,15,COMPLETE,AAA+,9826546,0,13,12,0,0
ふ・れ・ん・ど・し・た・い（WEREHEREMIX),MAXIMUM,17,COMPLETE,AA,9497649,0,9,8,0,0
ユニバーページ（i-world Mix）,MAXIMUM,16,COMPLETE,AA+,9611041,0,1,1,0,0
御伽噺に幕切れを,MAXIMUM,17,COMPLETE,AA,9341841,0,2,1,0,0
逆さま♥シンデレラパレード,MAXIMUM,17.5,COMPLETE,AA,9396671,0,1,1,0,0
Over The Top,ADVANCED,14,COMPLETE,A+,9289422,0,1,1,0,0
トマヨイ,ADVANCED,13,COMPLETE,AA+,9546843,0,1,1,0,0
トマヨイ,EXHAUST,15,COMPLETE,AAA+,9806866,0,8,8,0,0
World of Iris,EXHAUST,16,COMPLETE,AAA,9778985,0,1,1,0,0
Nebulas,EXHAUST,16,COMPLETE,AA+,9548494,0,1,1,0,0
Our Love,EXHAUST,16,COMPLETE,AAA+,9858569,0,16,16,0,0
Our Love,MAXIMUM,18.1,COMPLETE,AA,9378881,0,5,1,0,0
The First Step,ADVANCED,11,COMPLETE,AA+,9576470,0,1,1,0,0
The First Step,EXHAUST,14,COMPLETE,AAA+,9815689,0,2,2,0,0
The First Step,MAXIMUM,17.5,COMPLETE,AA,9308880,0,1,1,0,0
BLAZE∞BREEZE,ADVANCED,12,COMPLETE,AA+,9581395,0,1,1,0,0
BLAZE∞BREEZE,EXHAUST,15,COMPLETE,AAA+,9833333,0,2,1,0,0
BLAZE∞BREEZE,MAXIMUM,17.5,COMPLETE,A+,9244098,0,1,1,0,0
ラブキラ☆スプラッシュ,ADVANCED,10,COMPLETE,AA,9462305,0,1,1,0,0
ラブキラ☆スプラッシュ,EXHAUST,14,COMPLETE,AA,9412000,0,1,1,0,0
EGOISM -Rebuild-,EXHAUST,14,COMPLETE,AA,9369544,0,2,2,0,0
EGOISM -Rebuild-,MAXIMUM,17,COMPLETE,AA+,9591779,0,2,2,0,0
L9,ADVANCED,13,COMPLETE,A+,9042669,0,1,1,0,0
L9,EXHAUST,16,COMPLETE,AA,9477201,0,4,4,0,0
Still Lonesome,EXHAUST,14,COMPLETE,S,9916540,0,2,2,0,0
MeteorA,ADVANCED,13,COMPLETE,AAA,9739374,0,1,1,0,0
かくしん的☆めたまるふぉ～ぜっ！（crabMixx）,EXHAUST,13,COMPLETE,AA+,9640753,0,4,4,0,0
かくしん的☆めたまるふぉ～ぜっ！（crabMixx）,MAXIMUM,16,COMPLETE,AA+,9660947,0,5,5,0,0
Impress (bansou Remix),EXHAUST,14,COMPLETE,A+,9133393,0,1,1,0,0
Impress (bansou Remix),MAXIMUM,17,COMPLETE,AA,9417091,0,2,2,0,0
Elemental Creation (kamome sano Remix),EXHAUST,16,COMPLETE,AA,9329896,0,4,3,0,0
VIVIDWAVERS,EXHAUST,15,COMPLETE,AAA,9746835,0,4,3,0,0
VIVIDWAVERS,MAXIMUM,17.5,COMPLETE,AA+,9519174,0,5,5,0,0
Finally Dive -kors k Remix-,MAXIMUM,16,COMPLETE,AAA+,9857578,0,17,17,0,0
ANGER of the GOD,EXHAUST,17,COMPLETE,AA+,9539316,0,5,5,0,0
Valanga(polysha Remix),EXHAUST,16,COMPLETE,AAA,9701064,0,1,1,0,0
Vividly Impromptu,EXHAUST,16,COMPLETE,AAA,9752035,0,1,1,0,0
Vividly Impromptu,MAXIMUM,18.5,COMPLETE,AA,9371257,0,3,2,0,0
祭囃子,EXHAUST,14,PLAYED,A,8951686,0,3,0,0,0
ULTRA B+K,EXHAUST,14,PLAYED,A,8766368,0,1,0,0,0
Harmonia,MAXIMUM,17,COMPLETE,AA,9490632,0,1,1,0,0
ЯegreT of MemoRy,MAXIMUM,17,COMPLETE,AA,9452695,0,1,1,0,0
OZONE,EXHAUST,15,COMPLETE,AAA+,9826541,0,1,1,0,0
Believe In Yourself,EXHAUST,16,COMPLETE,AAA+,9899127,0,19,19,0,0
Believe In Yourself,GRAVITY,18.1,PLAYED,B,7951807,0,1,0,0,0
OUTERHEΛVEN,NOVICE,7,COMPLETE,AA,9425287,0,1,1,0,0
Butterfly Twist,NOVICE,6,COMPLETE,AAA+,9878444,0,1,1,0,0
pique,NOVICE,6,COMPLETE,AAA,9726666,0,1,1,0,0
ultra turbo,MAXIMUM,17.5,COMPLETE,AA+,9510510,0,2,2,0,0
近未来百鬼夜行譚～死返之巻～,NOVICE,5,COMPLETE,AAA,9748475,0,1,1,0,0
近未来百鬼夜行譚～死返之巻～,MAXIMUM,17,COMPLETE,AA+,9631299,0,1,1,0,0
タイムトラベル,EXHAUST,16,COMPLETE,AA+,9667452,0,1,1,0,0
AXION,EXHAUST,15,ULTIMATE CHAIN,S,9934210,0,9,9,1,0
AXION,MAXIMUM,17,COMPLETE,AA+,9648666,0,19,16,0,0
Nhelv,ADVANCED,13,PLAYED,AA,9459053,0,2,0,0,0
Nhelv,EXHAUST,16,COMPLETE,AAA+,9815680,0,10,10,0,0
Nhelv,MAXIMUM,18.4,COMPLETE,AA+,9504150,0,8,7,0,0
Pixelated Platform,EXHAUST,14,PLAYED,AA,9493608,0,3,0,0,0
Pixelated Platform,MAXIMUM,17,COMPLETE,AA,9435833,0,1,1,0,0
toy boxer,MAXIMUM,17,COMPLETE,AA+,9531590,0,3,3,0,0
Trill auf G,ADVANCED,14,COMPLETE,AA+,9633487,0,1,1,0,0
Trill auf G,EXHAUST,17,COMPLETE,AA+,9614614,0,1,1,0,0
BLACK JACKAL,NOVICE,5,COMPLETE,AAA,9797507,0,1,1,0,0
BLACK JACKAL,MAXIMUM,17.5,COMPLETE,AA,9468085,0,4,4,0,0
voltississimo,ADVANCED,14,COMPLETE,AA,9475671,0,1,1,0,0
voltississimo,EXHAUST,17,COMPLETE,AA,9335915,0,2,1,0,0
ロキ,ADVANCED,10,COMPLETE,AAA,9786585,0,2,2,0,0
ロキ,EXHAUST,14,COMPLETE,A+,9289772,0,2,2,0,0
ロキ,MAXIMUM,17,COMPLETE,AA,9359573,0,4,4,0,0
Black Lotus,EXHAUST,16,COMPLETE,AA,9347697,0,1,1,0,0
MARENOL,MAXIMUM,17.5,COMPLETE,AA,9310200,0,2,2,0,0
Aerial Fortress,EXHAUST,16,COMPLETE,AA,9446072,0,2,1,0,0
eighth-slave,EXHAUST,16,COMPLETE,AAA+,9813511,0,18,18,0,0
eighth-slave,MAXIMUM,18.3,COMPLETE,A+,9253897,0,1,1,0,0
Cynical Joker,EXHAUST,15,COMPLETE,A,8935298,0,1,1,0,0
mqlo,EXHAUST,16,COMPLETE,AA+,9519268,0,3,3,0,0
Sunflower Vibes,MAXIMUM,17.5,COMPLETE,AA,9491234,0,1,1,0,0
V Sen5eS,EXHAUST,15,COMPLETE,AA,9351428,0,1,1,0,0
rE:Voltagers,EXHAUST,16,COMPLETE,AAA,9744429,0,8,8,0,0
JǛPITΨR ♃ GЯÃVITÝ,EXHAUST,16,COMPLETE,AAA+,9800210,0,1,1,0,0
妄想税,MAXIMUM,16,COMPLETE,A+,9194139,0,1,1,0,0
Into The Madness,MAXIMUM,17.5,COMPLETE,AA,9468085,0,2,2,0,0
Cloud Crasher,EXHAUST,16,COMPLETE,AA,9399557,0,2,2,0,0
Circulator,ADVANCED,12,COMPLETE,AA,9334905,0,1,1,0,0
Circulator,EXHAUST,15,COMPLETE,AAA,9728033,0,4,4,0,0
Circulator,MAXIMUM,17.5,COMPLETE,AA,9421813,0,4,4,0,0
Get over!!,MAXIMUM,16,COMPLETE,AA,9388092,0,1,1,0,0
Little Big Princess(DJ katsu EDIT),MAXIMUM,16,COMPLETE,AA,9368630,0,1,1,0,0
Atropa bella-donna,EXHAUST,16,COMPLETE,AAA,9774405,0,1,1,0,0
Adrenaline Rush,EXHAUST,14,COMPLETE,A+,9288617,0,1,1,0,0
Adrenaline Rush,MAXIMUM,17,COMPLETE,AAA,9782377,0,6,6,0,0
Xicholauncher,MAXIMUM,18.1,PLAYED,D,5937354,0,1,0,0,0
50th Memorial Songs -The BEMANI History-,VIVID,17.5,COMPLETE,A+,9273477,0,1,1,0,0
50th Memorial Songs -二人の時 ～under the cherry blossoms～-,VIVID,16,COMPLETE,AA,9475906,0,1,1,0,0
Enchanté,EXHAUST,15,COMPLETE,AA+,9660305,0,2,1,0,0
Enchanté,MAXIMUM,18.1,COMPLETE,AA,9447657,0,1,1,0,0
Bye or not,NOVICE,5,COMPLETE,AA+,9565548,0,1,1,0,0
Bye or not,MAXIMUM,17,COMPLETE,AA+,9538019,0,1,1,0,0
VIVID DEBUT!,EXHAUST,14,PLAYED,AA,9317627,0,1,0,0,0
VIVID DEBUT!,MAXIMUM,17.5,COMPLETE,AA+,9503470,0,2,2,0,0
Glorious Journey,NOVICE,6,COMPLETE,AAA+,9842519,0,1,1,0,0
Sacrifice Escape: 不条理の模倣による感情と代償,MAXIMUM,17,COMPLETE,AA,9363934,0,1,1,0,0
翠雨の祷,EXHAUST,16,COMPLETE,AA+,9577160,0,1,1,0,0
50th Memorial Songs -Beginning Story-,VIVID,16,COMPLETE,AA,9498402,0,1,1,0,0
Sharkbait,MAXIMUM,17.5,COMPLETE,AA,9377256,0,6,2,0,0
スイーツはとまらない♪,ADVANCED,11,PLAYED,C,7233391,0,1,0,0,0
スイーツはとまらない♪,MAXIMUM,16,COMPLETE,AA+,9687058,0,1,1,0,0
ヒカリユリイカ,MAXIMUM,16,COMPLETE,AA+,9560535,0,2,2,0,0
び,EXHAUST,16,COMPLETE,AA+,9512678,0,13,13,0,0
び,MAXIMUM,18.8,PLAYED,A,8871051,0,3,0,0,0
Addicted Moon,EXHAUST,13,COMPLETE,AA+,9567198,0,1,1,0,0
Addicted Moon,MAXIMUM,16,COMPLETE,AAA+,9804670,0,7,6,0,0
ARROW RAIN feat. ayame,ADVANCED,13,COMPLETE,AA+,9630973,0,1,1,0,0
ARROW RAIN feat. ayame,EXHAUST,16,COMPLETE,AA,9451884,0,1,1,0,0
伊邪那美白山姫大神,MAXIMUM,17,COMPLETE,AA,9444843,0,1,1,0,0
雲海,EXHAUST,14,PLAYED,A,8798634,0,1,0,0,0
Enjoy This Time,EXHAUST,14,COMPLETE,AA+,9600746,0,1,1,0,0
Enjoy This Time,MAXIMUM,17,COMPLETE,AA+,9636138,0,5,5,0,0
Colors,EXHAUST,14,COMPLETE,S,9925742,0,1,1,0,0
Colors,MAXIMUM,16,COMPLETE,AA+,9519932,0,1,1,0,0
Colorless feat.ももかみ,EXHAUST,14,COMPLETE,A+,9244810,0,1,1,0,0
Colorless feat.ももかみ,MAXIMUM,17.5,COMPLETE,AA,9401634,0,1,1,0,0
GaLaXyEggPlanT,EXHAUST,16,COMPLETE,AA,9337968,0,2,2,0,0
GALAXY BURST,EXHAUST,16,COMPLETE,AAA,9730088,0,7,7,0,0
クレイジークレイジーダンサーズ,EXHAUST,15,COMPLETE,AA+,9574536,0,1,1,0,0
クレイジークレイジーダンサーズ,MAXIMUM,17,COMPLETE,AA+,9629930,0,1,1,0,0
すきなことだけでいいです,ADVANCED,10,COMPLETE,AAA,9777777,0,2,2,0,0
すきなことだけでいいです,EXHAUST,13,COMPLETE,AA+,9686274,0,3,3,0,0
すきなことだけでいいです,MAXIMUM,16,COMPLETE,AAA,9701754,0,11,10,0,0
scary night,MAXIMUM,17,COMPLETE,AAA,9769573,0,1,1,0,0
Believe (y)our Wings {V:IVID RAYS},MAXIMUM,17.5,COMPLETE,AA,9373339,0,5,1,0,0
Believe (y)our Wings {GRA5P WAVES},MAXIMUM,17.5,COMPLETE,AA,9345403,0,2,1,0,0
BLIZZARD BEAT,MAXIMUM,17,COMPLETE,AA+,9511811,0,3,3,0,0
Princess Lily,MAXIMUM,17.5,COMPLETE,AA+,9523706,0,1,1,0,0
迷夢ソウル,MAXIMUM,16,COMPLETE,AA,9410140,0,1,1,0,0
Record one's Dream,MAXIMUM,17.5,COMPLETE,AA+,9511299,0,1,1,0,0
Revolution,MAXIMUM,17.5,COMPLETE,AA+,9521432,0,3,3,0,0
V,ADVANCED,12,COMPLETE,AAA+,9806378,0,2,2,0,0
V,EXHAUST,15,COMPLETE,AA+,9669421,0,6,6,0,0
Cross Fire,EXHAUST,17.5,PLAYED,A+,9270593,0,1,0,0,0
ゴーストルール,ADVANCED,11,COMPLETE,AAA,9749763,0,1,1,0,0
ゴーストルール,EXHAUST,15,COMPLETE,AA+,9623493,0,2,2,0,0
ゴーストルール,MAXIMUM,17,COMPLETE,AA,9389160,0,2,1,0,0
スペクトラム,MAXIMUM,16,COMPLETE,AA+,9616175,0,2,2,0,0
すろぉもぉしょん,EXHAUST,14,COMPLETE,A+,9123404,0,1,1,0,0
すろぉもぉしょん,MAXIMUM,17,COMPLETE,AA,9392009,0,1,1,0,0
She Turns Me On,EXHAUST,15,COMPLETE,AA+,9670367,0,1,1,0,0
Yum Yum Sweetie,EXHAUST,15,COMPLETE,A+,9285159,0,1,1,0,0
ブチ上げ候！現代忍者三姉妹,MAXIMUM,17,COMPLETE,AA,9300935,0,1,1,0,0
Musha Vibration,EXHAUST,15,COMPLETE,AAA,9780541,0,4,4,0,0
Musha Vibration,MAXIMUM,17.5,COMPLETE,AA+,9507488,0,11,8,0,0
ouroboros -twin stroke of the end-,EXHAUST,16,COMPLETE,AA+,9534541,0,2,2,0,0
Xevel,EXHAUST,16,COMPLETE,AA+,9674408,0,3,1,0,0
お米の美味しい炊き方、そしてお米を食べることによるその効果。,EXHAUST,15,COMPLETE,AAA,9745649,0,1,1,0,0
GAIA,EXHAUST,15,COMPLETE,A+,9197986,0,1,1,0,0
GAIA,MAXIMUM,18.2,COMPLETE,AA,9412304,0,1,1,0,0
Synergy For Angels,MAXIMUM,17,COMPLETE,AA,9469257,0,1,1,0,0
ラキラキ,ADVANCED,11,COMPLETE,AA,9349593,0,1,1,0,0
Invisible Bullets,ADVANCED,12,COMPLETE,AA+,9530651,0,1,1,0,0
Invisible Bullets,EXHAUST,15,COMPLETE,AA,9336870,0,2,2,0,0
Invisible Bullets,MAXIMUM,17,COMPLETE,AA+,9581022,0,6,6,0,0
Night Rockin' Bird,EXHAUST,14,PLAYED,A+,9012012,0,1,0,0,0
異世界ノットパンピー,NOVICE,4,COMPLETE,AA+,9699570,0,1,1,0,0
嘘とぬいぐるみ,MAXIMUM,16,COMPLETE,AA,9482129,0,1,1,0,0
No way,MAXIMUM,17.5,COMPLETE,AA+,9564755,0,5,4,0,0
4NT1 D34D,MAXIMUM,16,COMPLETE,AA,9398954,0,1,1,0,0
蓬莱フェスティボー,MAXIMUM,17.5,COMPLETE,AA+,9616497,0,1,1,0,0
Lunatic Sprinter,EXHAUST,15,COMPLETE,AA,9353632,0,2,2,0,0
風鈴花火,MAXIMUM,16,COMPLETE,AA+,9664019,0,1,1,0,0
MAXIVCORD,MAXIMUM,17.5,COMPLETE,A+,9277108,0,1,1,0,0
Let's Bounce !!,MAXIMUM,16,COMPLETE,AA+,9558071,0,4,4,0,0
灼熱のBlazin' Beat,MAXIMUM,16,COMPLETE,AA+,9529441,0,2,2,0,0
Burning Spark!,MAXIMUM,16,COMPLETE,AA+,9526134,0,1,1,0,0
まじかる生主＠りすなちゃん,EXHAUST,15,COMPLETE,AAA,9751501,0,1,1,0,0
Liévre -blanche-,MAXIMUM,17,COMPLETE,AA+,9637537,0,1,1,0,0
FREEDOM DiVE,NOVICE,7,COMPLETE,AA,9313043,0,1,1,0,0
FREEDOM DiVE,EXHAUST,17.5,COMPLETE,AAA,9736129,0,25,24,0,0
Dark Matter,ADVANCED,11,COMPLETE,S,9969512,0,1,1,0,0
Dark Matter,MAXIMUM,17.5,COMPLETE,AA,9388154,0,1,1,0,0
Invisible Full Moon 古屋直雪 remix,MAXIMUM,16,COMPLETE,AA+,9565063,0,1,1,0,0
BLAZING_LAZER,EXHAUST,16,COMPLETE,AAA+,9860935,0,11,11,0,0
BLAZING_LAZER,MAXIMUM,18.0,COMPLETE,AA+,9524560,0,4,1,0,0
Melty Sweets,MAXIMUM,17,COMPLETE,AA+,9654408,0,2,2,0,0
Reb∞t,EXHAUST,16,COMPLETE,AA+,9611111,0,1,1,0,0
KIMIDORI Streak!!,MAXIMUM,18.0,COMPLETE,AA,9350368,0,1,1,0,0
失敗作少女,NOVICE,4,COMPLETE,S,9910714,0,1,1,0,0
Secret Traveler -MeniRemix-,EXHAUST,14,COMPLETE,A+,9283508,0,1,1,0,0
Knights Assault,MAXIMUM,17,COMPLETE,AA+,9587449,0,2,2,0,0
プレインエイジア(MRM REMIX),MAXIMUM,17.5,COMPLETE,AA,9354066,0,1,1,0,0
MeteorGlow Aftermath,MAXIMUM,18.6,PLAYED,A+,9027777,0,1,0,0,0
Chrono Diver -PENDULUMs-,ADVANCED,14,COMPLETE,AA,9466815,0,1,1,0,0
Chrono Diver -PENDULUMs-,EXHAUST,17,COMPLETE,AA,9429028,0,3,3,0,0
Nexta,EXHAUST,15,COMPLETE,AAA,9768750,0,6,6,0,0
ILL-STARRED Diver,MAXIMUM,17,COMPLETE,AAA,9754477,0,1,1,0,0
SUPER BUBBLE JOURNEY,EXHAUST,14,COMPLETE,A+,9165261,0,3,3,0,0
SUPER BUBBLE JOURNEY,MAXIMUM,17,COMPLETE,AA+,9574829,0,2,2,0,0
Blue Stream,MAXIMUM,17.5,COMPLETE,AA,9455128,0,1,1,0,0
片翼のディザイア,MAXIMUM,17,COMPLETE,AA+,9634146,0,1,1,0,0
LastΩmegA,ADVANCED,13,COMPLETE,AA,9431643,0,1,1,0,0
LastΩmegA,MAXIMUM,18.4,PLAYED,A+,9270833,0,2,0,0,0
Redshift,MAXIMUM,18.2,PLAYED,A+,9035002,0,1,0,0,0
Iridescent Clouds,MAXIMUM,17.5,COMPLETE,A+,9189733,0,1,1,0,0
SAtAN,EXHAUST,16,COMPLETE,AAA+,9812583,0,1,1,0,0
disordered asia,MAXIMUM,16,COMPLETE,AA+,9595359,0,1,1,0,0
Two of Us,NOVICE,4,COMPLETE,B,8397435,0,1,1,0,0
Dreaming feat. nomico,EXHAUST,13,COMPLETE,AA+,9660361,0,1,1,0,0
Dreaming feat. nomico,MAXIMUM,17,COMPLETE,AA+,9577986,0,1,1,0,0
Arcade Prison,MAXIMUM,17,COMPLETE,AA+,9529201,0,1,1,0,0
Oriens,ADVANCED,12,COMPLETE,AAA+,9865092,0,1,1,0,0
Oriens,EXHAUST,14,COMPLETE,AAA,9727540,0,1,1,0,0
Oriens,MAXIMUM,17,COMPLETE,AAA,9746338,0,3,3,0,0
Decoy,ADVANCED,12,COMPLETE,AAA,9762989,0,2,2,0,0
Decoy,EXHAUST,14,COMPLETE,AAA,9768326,0,2,2,0,0
Decoy,MAXIMUM,17,COMPLETE,AA,9393750,0,2,2,0,0
New Leaf,ADVANCED,13,COMPLETE,S,9900346,0,4,4,0,0
New Leaf,EXHAUST,15,COMPLETE,S,9918144,0,18,18,0,0
New Leaf,MAXIMUM,18.0,COMPLETE,AA+,9577650,0,10,7,0,0
β,MAXIMUM,17,COMPLETE,AAA,9738000,0,1,1,0,0
RHYZING BEAT,EXHAUST,15,COMPLETE,AA+,9651724,0,2,2,0,0
Re：End of a Dream,EXHAUST,16,COMPLETE,AA+,9583527,0,1,1,0,0
ビビットストリーム,MAXIMUM,16,COMPLETE,AA,9493637,0,1,1,0,0
Phlox,MAXIMUM,17,COMPLETE,AA+,9649698,0,1,1,0,0
BELOBOG,ADVANCED,14,COMPLETE,A+,9248723,0,1,1,0,0
蟲の棲む処,MAXIMUM,17,COMPLETE,AA+,9514270,0,1,1,0,0
Royal Judgement,GRAVITY,17.5,COMPLETE,AA,9454681,0,3,2,0,0
惑星☆ロリポップ,MAXIMUM,16,COMPLETE,AA+,9673835,0,2,2,0,0
からくりピエロ,ADVANCED,8,COMPLETE,AA+,9693396,0,1,1,0,0
I,NOVICE,8,PLAYED,B,8621337,0,1,0,0,0
BREAKNECK NY☆N! NY★N!,EXHAUST,15,COMPLETE,AA,9462905,0,1,1,0,0
planetarium,MAXIMUM,17.5,COMPLETE,AA,9345991,0,2,2,0,0
Lionheart,EXHAUST,14,PLAYED,AA+,9571984,0,1,0,0,0
Random Box,MAXIMUM,16,COMPLETE,AA+,9529074,0,1,1,0,0
CARNIVOROUS,MAXIMUM,17,COMPLETE,AA+,9684057,0,1,1,0,0
SPACE VILLAGE,MAXIMUM,17.5,COMPLETE,AA+,9527761,0,1,1,0,0
それは花火のような恋,ADVANCED,12,COMPLETE,AA+,9601393,0,1,1,0,0
それは花火のような恋,MAXIMUM,17.5,COMPLETE,AA,9350961,0,1,1,0,0
VOLTEXES IV,EXHAUST,14,COMPLETE,AA,9479537,0,1,1,0,0
VOLTEXES IV,MAXIMUM,17,COMPLETE,AA+,9600122,0,1,1,0,0
メイビ～初恋！？ビスケット☆大作戦,EXHAUST,16,COMPLETE,AA+,9564013,0,2,2,0,0
ツキアカリ,MAXIMUM,17,COMPLETE,AA,9388471,0,1,1,0,0
Lowermost revolt,EXHAUST,16,COMPLETE,AA+,9699148,0,1,1,0,0
Royal Action,EXHAUST,14,COMPLETE,AAA+,9834888,0,2,2,0,0
Royal Action,MAXIMUM,17.5,COMPLETE,AA+,9591950,0,14,11,0,0
おにいちゃんハイテック,NOVICE,5,COMPLETE,S,9947589,0,1,1,0,0
おにいちゃんハイテック,EXHAUST,13,COMPLETE,AA+,9639963,0,1,1,0,0
おにいちゃんハイテック,MAXIMUM,17,COMPLETE,AAA,9761111,0,3,3,0,0
Khionos TiARA,EXHAUST,16,COMPLETE,AAA,9748784,0,1,1,0,0
Xibercannon,MAXIMUM,17,COMPLETE,AA+,9664446,0,1,1,0,0
DropZ-Line-,EXHAUST,16,COMPLETE,AAA+,9828671,0,5,5,0,0
DropZ-Line-,MAXIMUM,18.4,COMPLETE,A+,9219184,0,2,1,0,0
PIERROT KNIfE,EXHAUST,14,COMPLETE,AA+,9560475,0,1,1,0,0
PIERROT KNIfE,MAXIMUM,17.5,COMPLETE,AA+,9503386,0,1,1,0,0
GERBERA,EXHAUST,16,COMPLETE,AA+,9606299,0,1,1,0,0
It's a new day!,MAXIMUM,16,COMPLETE,AA,9483714,0,1,1,0,0
QUAKE,EXHAUST,14,COMPLETE,AA+,9595959,0,1,1,0,0
QUAKE,MAXIMUM,17,COMPLETE,AAA,9785575,0,8,8,0,0
Fairy in Strasbourg,EXHAUST,13,COMPLETE,A+,9037356,0,1,1,0,0
Fairy in Strasbourg,MAXIMUM,16,COMPLETE,AA+,9631093,0,8,8,0,0
Poppin’Cats!!,MAXIMUM,17.5,COMPLETE,AA,9389102,0,2,2,0,0
DREAMING-ING!!,MAXIMUM,15,COMPLETE,AA,9343821,0,1,1,0,0
怒槌,EXHAUST,15,COMPLETE,AAA,9774834,0,2,2,0,0
銃弾は解を撃ち抜いて,MAXIMUM,17,COMPLETE,A+,9260908,0,1,1,0,0
ナイト・オブ・ロンド,MAXIMUM,15,COMPLETE,AAA,9769585,0,1,1,0,0
Sadistic Stabbing,MAXIMUM,17,COMPLETE,AAA,9743114,0,1,1,0,0
チルノのパーフェクトさんすう教室　⑨周年バージョン,MAXIMUM,16,COMPLETE,AA,9463032,0,1,1,0,0
Doppelganger,ADVANCED,12,COMPLETE,AA+,9542986,0,1,1,0,0
Doppelganger,EXHAUST,16,COMPLETE,AA+,9610468,0,4,4,0,0
Doppelganger,MAXIMUM,18.8,PLAYED,A+,9154929,0,3,0,0,0
NEON LOVE♥POTION!!!,MAXIMUM,17,COMPLETE,AA+,9523052,0,6,6,0,0
444,MAXIMUM,17,COMPLETE,AA,9457406,0,1,1,0,0
waxing and wanding(SS Remix),MAXIMUM,16,COMPLETE,AA+,9640608,0,2,2,0,0
WONDER_WOBBLER,MAXIMUM,17,COMPLETE,AA+,9681987,0,7,6,0,0
Claidheamh Soluis-光の剣- feat.はるの,MAXIMUM,16,COMPLETE,AA+,9625468,0,1,1,0,0
Spirit of the Beast,EXHAUST,16,COMPLETE,AA+,9632199,0,2,2,0,0
Fáfnir,EXHAUST,15,COMPLETE,AAA,9791231,0,2,2,0,0
Fáfnir,MAXIMUM,17,COMPLETE,AA,9317848,0,2,1,0,0
Game Over,MAXIMUM,17,COMPLETE,AA+,9688786,0,1,1,0,0
dreamin' of u,MAXIMUM,16,COMPLETE,AA+,9687500,0,2,2,0,0
SACRIFICE feat. ayame,EXHAUST,14,COMPLETE,AAA+,9872289,0,5,4,0,0
SACRIFICE feat. ayame,MAXIMUM,18.4,COMPLETE,AA+,9594479,0,10,3,0,0
廃獄ドリームランド,MAXIMUM,17,COMPLETE,AA,9417426,0,1,1,0,0
オンディーヌの泪,MAXIMUM,17,COMPLETE,A+,9075369,0,1,1,0,0
Gorgetech,MAXIMUM,18.5,COMPLETE,AA,9350282,0,3,1,0,0
Sweet Requiem,EXHAUST,16,COMPLETE,AAA,9701986,0,4,4,0,0
ぱあ,MAXIMUM,16,COMPLETE,AA+,9525706,0,2,2,0,0
Regretful Flower,EXHAUST,14,COMPLETE,A+,9272853,0,1,1,0,0
Regretful Flower,MAXIMUM,16,COMPLETE,AAA,9790339,0,5,5,0,0
Vigor,EXHAUST,14,COMPLETE,A+,9080130,0,1,1,0,0
Vigor,MAXIMUM,17.5,COMPLETE,AA,9432352,0,5,5,0,0
The Golden Era,NOVICE,6,COMPLETE,AA+,9507389,0,1,1,0,0
405nm(Shu※mix),EXHAUST,14,COMPLETE,AA,9309637,0,1,1,0,0
405nm(Shu※mix),MAXIMUM,17.5,COMPLETE,AA,9414043,0,3,3,0,0
Mind Mapping(ag Remix),ADVANCED,9,COMPLETE,AA,9300441,0,1,1,0,0
Mind Mapping(ag Remix),EXHAUST,13,COMPLETE,AA+,9644886,0,1,1,0,0
Technical Master,EXHAUST,14,COMPLETE,AAA,9728107,0,12,8,0,0
Technical Master,MAXIMUM,17,COMPLETE,AAA,9781407,0,10,10,0,0
Dystopia,MAXIMUM,15,COMPLETE,AAA,9792302,0,1,1,0,0
NEWBORN CRYING,MAXIMUM,16,COMPLETE,AA+,9661366,0,1,1,0,0
物凄いスペースシャトルでこいしが物凄いうた,MAXIMUM,17.5,COMPLETE,AA,9446532,0,1,1,0,0
Blue Fire,EXHAUST,12,COMPLETE,A+,9130737,0,1,1,0,0
Blue Fire,MAXIMUM,16,COMPLETE,AAA,9734972,0,3,3,0,0
Voltage Higher,EXHAUST,14,COMPLETE,A,8701195,0,1,1,0,0
Junk Mania,MAXIMUM,17.5,COMPLETE,AA+,9664339,0,4,4,0,0
雪月花 (Shiron & Sound Artz Remix),MAXIMUM,16,COMPLETE,AA+,9566596,0,2,2,0,0
Narcissus At Oasis (Freezer Remix),MAXIMUM,16,COMPLETE,AA+,9545169,0,2,2,0,0
Inscape,MAXIMUM,17,COMPLETE,AA+,9524064,0,1,1,0,0
VAMPIRE,MAXIMUM,16,COMPLETE,AA+,9654471,0,1,1,0,0
Smoked Turkey Rag,MAXIMUM,17,COMPLETE,AA+,9633943,0,4,4,0,0
sink into the dream,EXHAUST,14,COMPLETE,AA,9360865,0,2,2,0,0
sink into the dream,MAXIMUM,17.5,COMPLETE,AA,9457547,0,1,1,0,0
POLICY BREAK Medley from SOUND VOLTEX×jubeat,EXHAUST,16,COMPLETE,A+,9044213,0,1,1,0,0
マトリョシカ,EXHAUST,12,COMPLETE,AA,9348302,0,1,1,0,0
ナナイロライト,MAXIMUM,15,COMPLETE,AA+,9548563,0,1,1,0,0
iLLness LiLin,ADVANCED,15,COMPLETE,AAA,9723735,0,1,1,0,0
iLLness LiLin,EXHAUST,17.5,COMPLETE,A+,9039057,0,1,1,0,0
ΩVERSOUL,EXHAUST,16,COMPLETE,AA+,9574059,0,2,2,0,0
Sailing Force,EXHAUST,17.5,COMPLETE,A+,9232658,0,1,1,0,0
Rebellio,EXHAUST,17.5,COMPLETE,AA,9346622,0,3,3,0,0
Carry Me Away,MAXIMUM,17.5,COMPLETE,AA,9381827,0,1,1,0,0
SO FLY ME TO YOU,MAXIMUM,15,COMPLETE,AA+,9576791,0,1,1,0,0
Narcissus At Oasis -影虎。 style-,MAXIMUM,16,COMPLETE,AA+,9576944,0,2,2,0,0
Boss Rush,ADVANCED,12,PLAYED,D,5451552,0,1,0,0,0
If,MAXIMUM,17.5,COMPLETE,AA+,9588535,0,11,11,0,0
Fin.ArcDeaR,EXHAUST,18.0,COMPLETE,A+,9295026,0,2,2,0,0
Make Magic,EXHAUST,16,COMPLETE,AA+,9660297,0,1,1,0,0
盗宝,MAXIMUM,16,COMPLETE,AAA,9753213,0,1,1,0,0
刃の如く ft. ネコメアリ,MAXIMUM,15,COMPLETE,AAA,9799592,0,1,1,0,0
fancy cake!!,MAXIMUM,16,COMPLETE,AAA,9786585,0,2,2,0,0
キュリオシティ,EXHAUST,15,COMPLETE,AA+,9643271,0,2,1,0,0
Alice Maestera feat. nomico,MAXIMUM,14,COMPLETE,AAA+,9811621,0,1,1,0,0
インビジブル,ADVANCED,11,COMPLETE,B,8621730,0,1,1,0,0
インビジブル,EXHAUST,14,COMPLETE,A+,9000000,0,1,1,0,0
インビジブル,MAXIMUM,17,COMPLETE,AA+,9615797,0,1,1,0,0
インフルエンサー・イズ・デッド,ADVANCED,10,COMPLETE,AA+,9693251,0,1,1,0,0
インフルエンサー・イズ・デッド,EXHAUST,13,COMPLETE,AA+,9510433,0,3,2,0,0
インフルエンサー・イズ・デッド,MAXIMUM,16,COMPLETE,AA+,9582301,0,2,2,0,0
裏表ラバーズ,ADVANCED,8,COMPLETE,AAA,9717314,0,1,1,0,0
裏表ラバーズ,EXHAUST,12,COMPLETE,AA,9444958,0,2,2,0,0
裏表ラバーズ,MAXIMUM,17,COMPLETE,AA+,9541691,0,5,4,0,0
朧 (kamome sano remix),ADVANCED,10,COMPLETE,AA,9497011,0,2,2,0,0
朧 (kamome sano remix),EXHAUST,14,COMPLETE,AAA+,9816041,0,2,2,0,0
朧 (kamome sano remix),MAXIMUM,15,COMPLETE,AAA+,9846105,0,21,21,0,0
Candy Star,MAXIMUM,16,COMPLETE,AA+,9565695,0,2,2,0,0
きゅん×きゅんばっきゅん☆LOVE,MAXIMUM,15,COMPLETE,AAA+,9802825,0,1,1,0,0
JULIAN,MAXIMUM,17,COMPLETE,AA,9473186,0,1,1,0,0
starmine (nora2r Remix),MAXIMUM,16,COMPLETE,AA+,9661270,0,2,2,0,0
Second Heaven GravityPfArrange,MAXIMUM,16,COMPLETE,AA+,9573883,0,1,1,0,0
千本桜,MAXIMUM,15,COMPLETE,AA+,9619134,0,2,2,0,0
Dharma,EXHAUST,15,COMPLETE,AAA+,9873983,0,18,15,0,0
Dharma,MAXIMUM,17.5,COMPLETE,AAA,9745454,0,16,16,0,0
Chocolate Planet,ADVANCED,11,COMPLETE,AAA,9798890,0,1,1,0,0
Chocolate Planet,MAXIMUM,17.5,COMPLETE,A+,9223809,0,3,1,0,0
TRICKL4SH 220,EXHAUST,16,COMPLETE,AA+,9607023,0,3,2,0,0
New Game feat.Mayumi Morinaga,MAXIMUM,15,COMPLETE,AAA,9755849,0,1,1,0,0
HiGHER,MAXIMUM,16,COMPLETE,AAA,9747301,0,1,1,0,0
Four Leaves,MAXIMUM,17,COMPLETE,AAA,9706752,0,1,1,0,0
Heavenly Adventure,MAXIMUM,17.5,COMPLETE,AA,9379844,0,2,2,0,0
bass 2 bass [Tracy vs. Astronomical Remix],MAXIMUM,16,COMPLETE,AAA,9727385,0,11,11,0,0
Quaint Echo,EXHAUST,18.8,COMPLETE,AA,9397410,0,2,1,0,0
Zero-Day Exploit,EXHAUST,17.5,COMPLETE,AA+,9502463,0,1,1,0,0
東方妖々夢 ULTIMATE MEDLEY,EXHAUST,18.2,PLAYED,A,8767619,0,1,0,0,0
Phantom dinning tonight!,EXHAUST,16,COMPLETE,AA+,9620300,0,1,1,0,0
IKAROS DYNAMITE!!!!,NOVICE,6,COMPLETE,AA+,9534518,0,1,1,0,0
IKAROS DYNAMITE!!!!,EXHAUST,18.3,COMPLETE,AA,9390396,0,3,1,0,0
Emperor's Divide,EXHAUST,17.5,COMPLETE,AA,9490616,0,3,1,0,0
cross the future,EXHAUST,17,COMPLETE,AA+,9547314,0,3,2,0,0
GEOMETRIA,EXHAUST,18.6,COMPLETE,A,8915036,0,2,1,0,0
↓↓↓,EXHAUST,18.2,PLAYED,A+,9060125,0,1,0,0,0
You Know-SDVX EDIT-,EXHAUST,16,COMPLETE,AAA,9726351,0,4,4,0,0
ANTI THE∞HOLiC,EXHAUST,17,COMPLETE,AA,9419619,0,2,1,0,0
０=Xerostrumental=,EXHAUST,17.5,COMPLETE,A+,9256601,0,1,1,0,0
Halcyon,NOVICE,6,COMPLETE,AA,9380825,0,1,1,0,0
Halcyon,EXHAUST,17.5,COMPLETE,AA+,9512419,0,6,5,0,0
FLügeL《Λrp:ΣggyØ》,EXHAUST,18.6,COMPLETE,A+,9298013,0,1,1,0,0
ZEPHYRANTHES,GRAVITY,17,COMPLETE,AA+,9614832,0,1,1,0,0
Triple Counter,EXHAUST,17,COMPLETE,AA,9402313,0,1,1,0,0
NEO TREASON,EXHAUST,16,COMPLETE,AA+,9622270,0,2,2,0,0
eastward -sdvx edit-,EXHAUST,16,COMPLETE,AAA,9725031,0,2,2,0,0
Voynich:Manuscript,EXHAUST,17.5,COMPLETE,AA,9420103,0,2,1,0,0
B.B.K.K.B.K.K.,EXHAUST,17,COMPLETE,AA+,9597332,0,12,11,0,0
akasha-assembly,EXHAUST,17,COMPLETE,AA,9452619,0,1,1,0,0
Paradission,ADVANCED,12,COMPLETE,AA,9408181,0,1,1,0,0
Paradission,EXHAUST,17.5,COMPLETE,AA,9315304,0,7,7,0,0
Laughin' Muffin,EXHAUST,16,COMPLETE,AA+,9522712,0,1,1,0,0
Lo-Fi-M,EXHAUST,16,COMPLETE,AA+,9595166,0,11,8,0,0
ゲキツイムラサ,EXHAUST,17.5,COMPLETE,A+,9251295,0,2,1,0,0
Solitude & Nightmare,EXHAUST,16,COMPLETE,AA+,9514679,0,1,1,0,0
Discover the Life,EXHAUST,16,COMPLETE,AA+,9641736,0,1,1,0,0
ancient garden,EXHAUST,16,COMPLETE,AA+,9685039,0,1,1,0,0
Get back here,EXHAUST,16,COMPLETE,AAA+,9821314,0,1,1,0,0
Time to Air -Fly High Remix-,ADVANCED,12,COMPLETE,AA,9450980,0,1,1,0,0
Time to Air -Fly High Remix-,EXHAUST,17.5,COMPLETE,AA,9400592,0,1,1,0,0
Deadly Dolly Dance,EXHAUST,17.5,COMPLETE,A+,9286195,0,6,2,0,0
花ノ下連歌,ADVANCED,11,PLAYED,B,8588932,0,1,0,0,0
花ノ下連歌,EXHAUST,16,COMPLETE,AA,9424498,0,1,1,0,0
NECRO PARTY,EXHAUST,16,COMPLETE,AA+,9699269,0,2,2,0,0
雪月花 -さわわRemix-,EXHAUST,17.5,COMPLETE,A+,9263183,0,2,1,0,0
Apex of the World,EXHAUST,17,COMPLETE,AA+,9616822,0,5,5,0,0
Endless GRAVITY,EXHAUST,18.6,COMPLETE,A+,9019963,0,2,1,0,0
GRISAILLE,EXHAUST,16,COMPLETE,AA+,9672131,0,1,1,0,0
侍Annihilate!!,EXHAUST,18.3,COMPLETE,AA,9401893,0,1,1,0,0
CENSORED!!,EXHAUST,17.5,COMPLETE,AA+,9532178,0,2,2,0,0
Destroy,EXHAUST,16,COMPLETE,AAA,9777843,0,2,2,0,0
Destroy,GRAVITY,17.5,COMPLETE,AA,9376476,0,10,2,0,0
断罪は遍く人間の元に,EXHAUST,17,COMPLETE,AA,9315846,0,1,1,0,0
アキネイション,EXHAUST,17.5,COMPLETE,A+,9289909,0,2,1,0,0
Dualive,EXHAUST,17.5,COMPLETE,AA,9439421,0,2,2,0,0
カタルシスの月,EXHAUST,16,COMPLETE,AAA+,9854831,0,1,1,0,0
黒髪乱れし修羅となりて～凛 edition～,EXHAUST,17.5,COMPLETE,AA,9476141,0,1,1,0,0
Question.,EXHAUST,16,COMPLETE,AAA,9763406,0,6,6,0,0
Parousia,ADVANCED,11,COMPLETE,A+,9138591,0,1,1,0,0
Parousia,EXHAUST,17.5,COMPLETE,AA+,9574374,0,21,18,0,0
archive::zip,NOVICE,4,COMPLETE,AAA+,9851632,0,1,1,0,0
archive::zip,GRAVITY,16,COMPLETE,AAA+,9826558,0,2,2,0,0
Virtual Bit,EXHAUST,17.5,COMPLETE,A+,9226190,0,3,1,0,0
ERROR CODE,GRAVITY,16,COMPLETE,AA+,9694293,0,1,1,0,0
XROSS THE XOUL,EXHAUST,16,COMPLETE,AAA,9723439,0,1,1,0,0
S1CK_F41RY,EXHAUST,17.5,COMPLETE,A+,9262170,0,1,1,0,0
Phantom Ensemble (ゆんゆん Remix),EXHAUST,13,COMPLETE,A,8811410,0,1,1,0,0
Renegade Fruits,EXHAUST,16,COMPLETE,AA+,9574468,0,1,1,0,0
She is my wife,EXHAUST,16,COMPLETE,AA+,9630156,0,17,17,0,0
お嫁にしなさいっ！,EXHAUST,15,COMPLETE,AA+,9560570,0,1,1,0,0
Never Fails,EXHAUST,17.5,COMPLETE,AA+,9684591,0,24,19,0,0
Fox4-Raize-,EXHAUST,18.5,COMPLETE,AA+,9574417,0,9,6,0,0
Follow Up,EXHAUST,17.5,COMPLETE,AA,9387044,0,5,2,0,0
REVOLVER,EXHAUST,18.5,PLAYED,A,8890705,0,1,0,0,0
しゅわスパ大作戦☆ (カシオれ！くーにゃんリミックス),EXHAUST,16,COMPLETE,AAA,9707088,0,1,1,0,0
チルノとまりおのパーフェクトさんすう教室,EXHAUST,17.5,COMPLETE,AA,9459057,0,8,2,0,0
Ultimate Fury,EXHAUST,16,COMPLETE,AAA,9702038,0,1,1,0,0
JEHANNEDARC,EXHAUST,18.1,COMPLETE,A+,9190582,0,1,1,0,0
spectroscape,EXHAUST,16,COMPLETE,AA+,9590577,0,3,3,0,0
常夏！！クリスタライズ・シャーベット,EXHAUST,17.5,COMPLETE,AA+,9669421,0,2,1,0,0
雲の彼方,EXHAUST,17.5,COMPLETE,AA,9384753,0,2,1,0,0
NEO GRAVITY,EXHAUST,18.3,COMPLETE,AA+,9610808,0,16,15,0,0
NEO GRAVITY,EXCEED,18.7,PLAYED,A+,9157827,0,9,0,0,0
VOLTEXES,EXHAUST,15,COMPLETE,AA,9419604,0,2,1,0,0
VOLTEXES III,EXHAUST,16,COMPLETE,A+,9227582,0,2,2,0,0
conflict,EXHAUST,17.5,COMPLETE,AA+,9500668,0,3,2,0,0
Nofram,EXHAUST,17.5,PLAYED,A,8765151,0,2,0,0,0
Asian Chip City,EXHAUST,16,COMPLETE,AA+,9594185,0,6,6,0,0
Oriental Blossom,EXHAUST,16,COMPLETE,AAA+,9800399,0,4,4,0,0
CUTIE☆EX-DREAM,EXHAUST,17.5,COMPLETE,AAA,9704510,0,16,14,0,0
君がいる場所へ,EXHAUST,13,PLAYED,A,8716058,0,1,0,0,0
The setting sun,EXHAUST,17,COMPLETE,AA,9308855,0,2,2,0,0
ハッピーシンセサイザ,ADVANCED,7,COMPLETE,AAA+,9850597,0,2,2,0,0
ハッピーシンセサイザ,EXHAUST,13,COMPLETE,A+,9145927,0,1,1,0,0
Backflow,EXHAUST,17.5,COMPLETE,AA+,9578979,0,4,2,0,0
Beyond the Sandstorm,EXHAUST,16,COMPLETE,AAA,9707623,0,1,1,0,0
Pet Peeve,EXHAUST,17.5,COMPLETE,A+,9177740,0,5,1,0,0
Mayohiga Spurt,EXHAUST,17.5,COMPLETE,AA,9391762,0,1,1,0,0
みくみくにしてあげる♪【してやんよ】,NOVICE,4,ULTIMATE CHAIN,S,9912451,0,1,1,1,0
みくみくにしてあげる♪【してやんよ】,EXHAUST,15,COMPLETE,AA,9381188,0,1,1,0,0
メランコリック,ADVANCED,7,COMPLETE,A+,9192825,0,1,1,0,0
メランコリック,EXHAUST,13,COMPLETE,AAA+,9855371,0,1,1,0,0
Blacksphere,EXHAUST,16,COMPLETE,AA,9431540,0,3,3,0,0
じゅーじゅー♥焼肉の火からフェニックス！？～再誕の†炭火焼き～,EXHAUST,17.5,COMPLETE,AA+,9557855,0,9,6,0,0
ドーパミン,EXHAUST,18.6,PLAYED,A,8905351,0,1,0,0,0
crêpe suzette,EXHAUST,16,COMPLETE,AAA+,9858138,0,1,1,0,0
Shiawase Transmission,EXHAUST,16,COMPLETE,AA,9377460,0,1,1,0,0
Lucky*Clover,EXHAUST,17,COMPLETE,AA,9375629,0,1,1,0,0
FLOWER,EXHAUST,18.2,COMPLETE,AA,9401476,0,2,1,0,0
ホーンテッド★メイドランチ,EXHAUST,17.5,COMPLETE,AA,9349892,0,1,1,0,0
紅の剣舞,EXHAUST,17.5,COMPLETE,A+,9203499,0,1,1,0,0
Sourire,EXHAUST,16,COMPLETE,AA+,9602272,0,1,1,0,0
ECHO,NOVICE,4,COMPLETE,A,8846938,0,1,1,0,0
ECHO,ADVANCED,8,COMPLETE,B,8453781,0,1,1,0,0
ECHO,EXHAUST,13,COMPLETE,A+,9274193,0,2,2,0,0
eternita,EXHAUST,16,COMPLETE,AA+,9528907,0,1,1,0,0
初音ミクの消失,NOVICE,6,COMPLETE,AA+,9653614,0,1,1,0,0
初音ミクの暴走,EXHAUST,17.5,COMPLETE,AA,9458004,0,1,1,0,0
夏色DIARY -Summer Dazzlin' Vacation miX-,EXHAUST,17.5,COMPLETE,AA,9415862,0,2,2,0,0
夏色DIARY -Summer Dazzlin' Vacation miX-,GRAVITY,16,COMPLETE,AAA,9710467,0,1,1,0,0
ΑΩ,EXHAUST,18.3,COMPLETE,AA,9340801,0,2,1,0,0
XyHATTE,EXHAUST,18.4,COMPLETE,A+,9238979,0,4,1,0,0
citrus,EXHAUST,15,COMPLETE,A+,9245283,0,1,1,0,0
Ops:Code-Rapture-,ADVANCED,14,PLAYED,A+,9080502,0,1,0,0,0
Ops:Code-Rapture-,EXHAUST,18.4,COMPLETE,AA+,9632122,0,16,11,0,0
Cold Inflation,EXHAUST,16,COMPLETE,AA+,9595870,0,5,5,0,0
ΕΛΠΙΣ,EXHAUST,17.5,COMPLETE,AA,9314271,0,1,1,0,0
灼熱Beach Side Bunny,EXHAUST,18.6,COMPLETE,AA,9455645,0,16,8,0,0
Opium and Purple haze,EXHAUST,17.5,COMPLETE,A+,9249827,0,1,1,0,0
ネメシス SDVX Edit,EXHAUST,17.5,PLAYED,B,8680278,0,2,0,0,0
Innocent Floor,EXHAUST,17.5,COMPLETE,AA,9455112,0,2,2,0,0
disco KAWAii,EXHAUST,14,COMPLETE,AA+,9688679,0,2,1,0,0
gigadelic (かめりあ's "The TERA" RMX),EXHAUST,18.6,COMPLETE,A+,9186691,0,2,2,0,0
無双,EXHAUST,17,COMPLETE,AA,9494266,0,1,1,0,0
One & Only,EXHAUST,16,COMPLETE,AA+,9665341,0,1,1,0,0
EBONY & IVORY,EXHAUST,17.5,COMPLETE,AA+,9607093,0,17,16,0,0
Happy Sensation,ADVANCED,11,PLAYED,AAA+,9886535,0,1,0,0,0
Happy Sensation,EXHAUST,17,COMPLETE,AAA,9742362,0,5,5,0,0
Milkyway - memorable -,EXHAUST,16,COMPLETE,AA,9493355,0,1,1,0,0
Our Faith (takdrive remix),EXHAUST,16,COMPLETE,AA+,9659763,0,6,6,0,0
Discloze,NOVICE,5,COMPLETE,AAA,9733178,0,1,1,0,0
Discloze,EXHAUST,17,COMPLETE,A+,9222065,0,5,1,0,0
竹取飛翔 ～ Lunatic Princess (Ryu☆Remix),ADVANCED,10,COMPLETE,S,9942528,0,2,2,0,0
竹取飛翔 ～ Lunatic Princess (Ryu☆Remix),EXHAUST,16,COMPLETE,AAA,9725590,0,1,1,0,0
Scarlet Moon,ADVANCED,10,COMPLETE,AA,9419978,0,1,1,0,0
Scarlet Moon,EXHAUST,16,COMPLETE,AAA+,9828660,0,8,8,0,0
NEON WORLD,EXHAUST,17.5,PLAYED,A+,9232192,0,6,0,0,0
BEAT-NEW-WORLD,EXHAUST,17.5,COMPLETE,AA,9341262,0,1,1,0,0
AYAKASHI,EXHAUST,17,COMPLETE,AA+,9543452,0,8,1,0,0
女言葉の消失,EXHAUST,13,COMPLETE,A+,9029163,0,1,1,0,0
M.A.Y.U.,EXHAUST,16,COMPLETE,AAA+,9802712,0,3,3,0,0
Just Be Friends,ADVANCED,7,COMPLETE,AA+,9674657,0,3,3,0,0
Just Be Friends,EXHAUST,12,COMPLETE,AA,9401746,0,3,2,0,0
Scream out! (SDVX EDIT),ADVANCED,12,COMPLETE,A+,9043062,0,1,1,0,0
tricky trick,EXHAUST,18.2,COMPLETE,A+,9214731,0,7,1,0,0
FIRE FIREは電気スウィングの夢を見るか？,ADVANCED,10,COMPLETE,B,8499413,0,1,1,0,0
FIRE FIREは電気スウィングの夢を見るか？,EXHAUST,16,COMPLETE,AA,9493585,0,3,3,0,0
Borealis,EXHAUST,17,COMPLETE,AA,9379689,0,2,1,0,0
無気力クーデター,NOVICE,5,COMPLETE,A,8722689,0,1,1,0,0
Wuv U (Colorful QT3 nekomix),EXHAUST,16,COMPLETE,AAA+,9812072,0,2,1,0,0
2 MINUTES FIGHTERS,NOVICE,6,COMPLETE,AA+,9686666,0,1,1,0,0
2 MINUTES FIGHTERS,EXHAUST,17.5,COMPLETE,AA,9337700,0,2,1,0,0
CRITICAL LINE,ADVANCED,12,PLAYED,AA,9436795,0,1,0,0,0
鬼天,EXHAUST,17.5,COMPLETE,AA,9423393,0,2,2,0,0
INDEPENDENT SKY,GRAVITY,17,COMPLETE,AA+,9542998,0,1,1,0,0
ツーマンライブ,GRAVITY,16,COMPLETE,AA,9409722,0,1,1,0,0
The Sampling Paradise (P*Light Remix),EXHAUST,17.5,COMPLETE,AA,9345878,0,4,4,0,0
鬼KYOKAN,EXHAUST,16,COMPLETE,AA+,9553518,0,1,1,0,0
幸せになれる隠しコマンドがあるらしい,NOVICE,6,COMPLETE,S,9904831,0,1,1,0,0
幸せになれる隠しコマンドがあるらしい,ADVANCED,12,COMPLETE,AAA+,9897698,0,9,9,0,0
幸せになれる隠しコマンドがあるらしい,EXHAUST,16,COMPLETE,AAA,9783755,0,17,12,0,0
False Cross,EXHAUST,17.5,COMPLETE,AA,9471904,0,11,9,0,0
きらきらタイム☆,EXHAUST,17,COMPLETE,AAA,9733935,0,18,16,0,0
Twin Rocket,EXHAUST,17,COMPLETE,AA,9467325,0,2,1,0,0
THUNDERCRACK,EXHAUST,17.5,COMPLETE,A+,9220231,0,1,1,0,0
ポメグラネイト,EXHAUST,16,COMPLETE,AA+,9623584,0,2,1,0,0
イグジスタンス,EXHAUST,17.5,COMPLETE,AA,9347284,0,1,1,0,0
F.K.S.,EXHAUST,17.5,COMPLETE,AA,9408052,0,4,3,0,0
鎖の少女,ADVANCED,10,COMPLETE,A+,9248991,0,1,1,0,0
Violet Soul,EXHAUST,16,COMPLETE,AAA,9732558,0,3,3,0,0
FIRE FIRE(Kazmasa Remix),EXHAUST,17.5,COMPLETE,AA+,9592391,0,3,3,0,0
星屑ユートピア,ADVANCED,7,COMPLETE,AA,9435075,0,1,1,0,0
ぼくらしかしらない,EXHAUST,17.5,COMPLETE,AA+,9548260,0,7,7,0,0
物凄い狂っとるフランちゃんが物凄いうた,EXHAUST,17.5,COMPLETE,AA,9490586,0,2,2,0,0
Rubeus,EXHAUST,17,COMPLETE,A+,9288828,0,1,1,0,0
Our Faith (Faithful MTL Remix),EXHAUST,17.5,COMPLETE,AA,9324206,0,2,1,0,0
The Sampling Paradise (N-Driver Style),ADVANCED,12,COMPLETE,AA+,9687258,0,1,1,0,0
werewolf howls.,NOVICE,6,COMPLETE,AA,9388379,0,1,1,0,0
werewolf howls.,EXHAUST,18.5,COMPLETE,A+,9266636,0,2,1,0,0
Little princess has no identity.,EXHAUST,17.5,COMPLETE,AA+,9535642,0,4,3,0,0
Scene,EXHAUST,13,COMPLETE,AA+,9538852,0,2,1,0,0
ハウトゥー世界征服,ADVANCED,9,COMPLETE,A+,9092769,0,2,2,0,0
ハウトゥー世界征服,EXHAUST,14,COMPLETE,AA,9350348,0,2,2,0,0
打打打打打打打打打打,ADVANCED,11,COMPLETE,A,8765227,0,1,1,0,0
打打打打打打打打打打,EXHAUST,15,COMPLETE,AAA,9729344,0,9,9,0,0
打打打打打打打打打打,INFINITE,17.5,COMPLETE,AA,9383783,0,5,3,0,0
CODE -CRiMSON-,EXHAUST,17.5,COMPLETE,AA,9430580,0,2,2,0,0
朱と碧のランページ(NU-KO),EXHAUST,17,COMPLETE,AAA,9710764,0,27,26,0,0
FIRE FIRE -DARK BLAZE REMIX-,EXHAUST,17.5,COMPLETE,AA+,9569278,0,19,15,0,0
Monkey Business (lapix Remix),EXHAUST,16,COMPLETE,AAA+,9813084,0,4,4,0,0
KHAMEN BREAK,INFINITE,16,COMPLETE,AA+,9501803,0,1,1,0,0
悪性ロリィタマキャヴェリズム,EXHAUST,17.5,COMPLETE,AA,9409034,0,1,1,0,0
柳の下のデュラハン hard chaos mix,EXHAUST,17.5,COMPLETE,AA+,9592264,0,2,1,0,0
#FairyJoke #SDVX_Edit,EXHAUST,17,COMPLETE,AA,9334070,0,1,1,0,0
Sakura Mirage,EXHAUST,17.5,PLAYED,C,7059530,0,1,0,0,0
KiLLeR MeRMaiD,EXHAUST,17.5,COMPLETE,AA,9440395,0,1,1,0,0
Frantic Wolf,ADVANCED,10,PLAYED,AAA,9765297,0,1,0,0,0
Mist In Hell,EXHAUST,17,COMPLETE,AA+,9621718,0,1,1,0,0
Innocent Tempest,EXHAUST,17.5,COMPLETE,AA,9364334,0,4,1,0,0
ボルテ体操第一,EXHAUST,17,COMPLETE,AA,9439461,0,6,3,0,0
Virtual Sunrise,ADVANCED,10,COMPLETE,AA,9445454,0,1,1,0,0
Virtual Sunrise,EXHAUST,15,COMPLETE,AAA+,9842710,0,9,9,0,0
Hoshizora Illumination,EXHAUST,16,COMPLETE,AA,9493243,0,1,1,0,0
crazy cinema story,EXHAUST,16,COMPLETE,AA,9371176,0,4,1,0,0
Fiat Lux,EXHAUST,17.5,COMPLETE,AA+,9515651,0,2,1,0,0
命のユースティティア,ADVANCED,10,COMPLETE,AA,9300000,0,1,1,0,0
IX,EXHAUST,17.5,COMPLETE,AA,9373177,0,3,1,0,0
Future MUSiC,EXHAUST,12,COMPLETE,AAA,9790482,0,1,1,0,0
Engraved Mark,EXHAUST,16,COMPLETE,AA+,9584165,0,4,4,0,0
轟け！恋のビーンボール！！,EXHAUST,17,COMPLETE,AA,9389972,0,1,1,0,0
野球の遊び方　そしてその歴史　～決定版～,EXHAUST,13,COMPLETE,A+,9092198,0,1,1,0,0
イゴモヨス＝オムルのテーマによるブヨブヨ・スケッチの試み,EXHAUST,17,COMPLETE,AA,9372654,0,1,1,0,0
Profession,EXHAUST,16,COMPLETE,AAA,9703832,0,4,4,0,0
雪女,GRAVITY,17.5,COMPLETE,AA,9448801,0,2,1,0,0
Hellfire,EXHAUST,17.5,COMPLETE,AA,9433139,0,2,2,0,0
PUNISHER,EXHAUST,16,COMPLETE,AA+,9658119,0,3,3,0,0
Last Battalion,EXHAUST,15,PLAYED,AA,9358747,0,3,0,0,0
タイムマシン,ADVANCED,8,COMPLETE,AAA,9740112,0,2,2,0,0
タイムマシン,EXHAUST,13,COMPLETE,AA,9463434,0,2,2,0,0
True Blue,EXHAUST,17.5,COMPLETE,AA,9410052,0,1,1,0,0
Electric "Sister" Bitch,EXHAUST,16,COMPLETE,AA+,9644056,0,1,1,0,0
Paradoxy,EXHAUST,15,COMPLETE,A+,9269703,0,2,2,0,0
LEMON SUMMER,EXHAUST,15,COMPLETE,AA+,9640939,0,8,8,0,0
赤より紅い夢-Aya2g Tech Dance Remix-,EXHAUST,16,COMPLETE,AA+,9608177,0,2,2,0,0
最終鬼畜妹フランドール・S,EXHAUST,16,COMPLETE,AA+,9682835,0,1,1,0,0
Crack Traxxxx,EXHAUST,16,COMPLETE,AAA,9744671,0,2,1,0,0
XROSS INFECTION,EXHAUST,17.5,COMPLETE,AA,9466920,0,3,1,0,0
Double Universe,EXHAUST,16,COMPLETE,AAA,9706211,0,2,2,0,0
DEADLOCK XXX,ADVANCED,11,COMPLETE,AA,9332281,0,1,1,0,0
ありふれたせかいせいふく,EXHAUST,13,COMPLETE,AA,9418931,0,1,1,0,0
Playing With Fire,EXHAUST,16,COMPLETE,AA,9452936,0,3,3,0,0
Lunartic Dial,EXHAUST,16,COMPLETE,AA,9344581,0,2,2,0,0
Unicorn tail Dustboxxxx RMX,EXHAUST,16,COMPLETE,AA+,9561869,0,1,1,0,0
少年は空を辿る Prog Piano Remix,EXHAUST,16,COMPLETE,AA+,9552785,0,2,2,0,0
GEROL,EXHAUST,16,COMPLETE,AA+,9572538,0,5,5,0,0
ネトゲ廃人シュプレヒコール,ADVANCED,9,COMPLETE,A,8788627,0,1,1,0,0
ネトゲ廃人シュプレヒコール,EXHAUST,14,COMPLETE,AAA+,9800420,0,2,2,0,0
HAELEQUIN,EXHAUST,17.5,COMPLETE,AA,9316804,0,1,1,0,0
アルストロメリア KURO-HACO Remix,EXHAUST,15,COMPLETE,A+,9188481,0,2,2,0,0
C18H27NO3,EXHAUST,16,COMPLETE,AA+,9503295,0,3,1,0,0
ラクガキスト,EXHAUST,16,COMPLETE,AA+,9571005,0,4,4,0,0
ロストワンの号哭,ADVANCED,8,COMPLETE,AAA,9759493,0,3,3,0,0
ロストワンの号哭,EXHAUST,13,COMPLETE,AAA+,9835349,0,2,1,0,0
VALLIS-NERIA,ADVANCED,11,COMPLETE,AA+,9661129,0,1,1,0,0
音楽 -壊音楽 mix-,EXHAUST,17.5,COMPLETE,A+,9203715,0,1,1,0,0
こちら、幸福安心委員会です。,ADVANCED,12,COMPLETE,AAA+,9848156,0,4,4,0,0
こちら、幸福安心委員会です。,EXHAUST,15,COMPLETE,AAA,9731391,0,6,5,0,0
サリシノハラ,ADVANCED,9,COMPLETE,AA+,9667590,0,1,1,0,0
honey trap,EXHAUST,12,COMPLETE,AA,9364244,0,1,1,0,0
Qubism,EXHAUST,16,COMPLETE,A+,9124490,0,1,1,0,0
げきオコスティックファイナリアリティぷんぷんマスタースパーク,EXHAUST,14,COMPLETE,S,9907902,0,1,1,0,0
自由のための不自由,EXHAUST,11,COMPLETE,B,8688915,0,1,1,0,0
Starlight Express,EXHAUST,16,COMPLETE,AA+,9513399,0,5,5,0,0
青春☆してるかい？READY&LADY!,NOVICE,5,COMPLETE,B,8139880,0,1,1,0,0
Foolish Hero,EXHAUST,14,COMPLETE,A+,9295602,0,1,1,0,0
Foolish Hero,EXCEED,18.4,COMPLETE,A+,9125122,0,1,1,0,0
Wheel,EXHAUST,16,COMPLETE,AA,9497189,0,1,1,0,0
The world of sound,EXHAUST,17.5,COMPLETE,A+,9076354,0,1,1,0,0
ナツノメイロ,EXHAUST,14,COMPLETE,AA+,9696153,0,1,1,0,0
ナイト・オブ・ナイツ,EXHAUST,15,COMPLETE,AAA,9701960,0,6,6,0,0
ナイト・オブ・ナイツ,INFINITE,17.5,COMPLETE,A+,9249850,0,3,2,0,0
Dynasty,EXHAUST,16,COMPLETE,AA+,9511349,0,2,2,0,0
Max Burning!!,EXHAUST,17.5,COMPLETE,AA,9488802,0,1,1,0,0
Absurd Gaff,EXHAUST,16,COMPLETE,AA,9466474,0,2,2,0,0
éclair au chocolat,GRAVITY,17.5,COMPLETE,AA+,9518459,0,1,1,0,0
大宇宙ステージ,EXHAUST,17,COMPLETE,A+,9261695,0,6,5,0,0
TRIGGER★HAPPY,EXHAUST,14,COMPLETE,AAA+,9841930,0,2,2,0,0
V.I.P.,EXHAUST,17.5,COMPLETE,AA,9418604,0,7,7,0,0
腐れ外道とチョコレゐト,EXHAUST,14,COMPLETE,AAA+,9851752,0,1,1,0,0
ルートスフィア,ADVANCED,6,COMPLETE,AAA+,9814814,0,1,1,0,0
ルートスフィア,EXHAUST,11,COMPLETE,A+,9044276,0,4,3,0,0
AA BlackY mix,EXHAUST,16,COMPLETE,AA,9454660,0,2,2,0,0
Tomorrow Perfume (tpz Despair Remix),EXHAUST,13,COMPLETE,A+,9221466,0,1,1,0,0
Tomorrow Perfume (C-Show Remix),EXHAUST,16,COMPLETE,AA+,9555084,0,2,2,0,0
幻想のサテライト,EXHAUST,16,COMPLETE,AA,9344352,0,1,1,0,0
taboo tears you up 2008,EXHAUST,15,COMPLETE,AA,9488337,0,1,1,0,0
Bad Apple!! feat. nomico,ADVANCED,7,COMPLETE,AA,9474043,0,1,1,0,0
Bad Apple!! feat. nomico,EXHAUST,12,COMPLETE,AAA,9765478,0,5,4,0,0
Bad Apple!! feat. nomico,INFINITE,16,COMPLETE,AAA,9717223,0,9,9,0,0
dreamin' feat.Ryu☆,ADVANCED,10,COMPLETE,A+,9075215,0,1,1,0,0
六兆年と一夜物語,ADVANCED,10,COMPLETE,A,8750000,0,2,2,0,0
六兆年と一夜物語,EXHAUST,14,COMPLETE,A+,9106445,0,1,1,0,0
SEED (DJ Noriken Remix),EXHAUST,14,COMPLETE,S,9931129,0,2,2,0,0
Fire Strike,HEAVENLY,17.5,COMPLETE,A+,9227066,0,1,1,0,0
Onigo,EXHAUST,16,COMPLETE,AAA,9736297,0,9,7,0,0
サヨナラ・ヘヴン （かめりあ's NEKOMATAelectroRMX）,EXHAUST,12,COMPLETE,A,8925501,0,1,1,0,0
Space Diver Tama,HEAVENLY,17.5,COMPLETE,AA,9450980,0,1,1,0,0
SOUL EXPLOSION,EXCEED,17,COMPLETE,AA,9480111,0,4,4,0,0
Nyan Cat,EXHAUST,13,COMPLETE,AAA+,9829829,0,2,2,0,0
Nyan Cat,INFINITE,16,COMPLETE,AA+,9694971,0,18,18,0,0
香港功夫大旋風,EXHAUST,16,COMPLETE,AA+,9560897,0,5,5,0,0
neu BSP style,EXHAUST,16,COMPLETE,AA+,9514187,0,3,3,0,0
不思議玩具ガンガラディンドン,ADVANCED,8,COMPLETE,A,8994169,0,1,1,0,0
FLOWER REDALiCE Remix,EXHAUST,16,COMPLETE,AA+,9515749,0,10,8,0,0
ヤサイマシ☆ニンニクアブラオオメ,INFINITE,16,COMPLETE,AAA,9768401,0,2,2,0,0
遠く Dexholic Mix,EXHAUST,11,COMPLETE,AA+,9520333,0,2,2,0,0
冥 Rockin' SWING REMIX,EXHAUST,16,COMPLETE,AA+,9671175,0,4,1,0,0
ALBIDA Powerless Mix,ADVANCED,12,COMPLETE,B,8437843,0,1,1,0,0
good high school,INFINITE,17.5,COMPLETE,A+,9085294,0,1,1,0,0
smooooch・∀・ KN mix,EXCEED,17.5,COMPLETE,AAA,9717994,0,9,4,0,0
西日暮里の踊り,INFINITE,16,COMPLETE,AA,9497153,0,1,1,0,0
Ha･lle･lu･jah,INFINITE,15,COMPLETE,AA+,9692622,0,1,1,0,0
PULSE LASER,INFINITE,16,COMPLETE,AA+,9649517,0,2,2,0,0
